TrxID,TransactionTime,Type,Amount
0010959df23f8679e93c0953c2481c86,2024-12-20 23:57:09,CREDIT,28500
00136aee12bc9c926643438b8481e280,2024-12-20 08:02:54,DEBIT,49100
00386408021d9c9d83055d89c10605ab,2024-12-19 12:30:42,CREDIT,41000
0066e451f3ea5a260e388fdc9ed3351a,2024-12-20 02:03:05,DEBIT,80900
00db36b04604a295142f0cb7fc116a1f,2024-12-19 14:06:53,DEBIT,98600
010e51a5c43e717d034f2f0a676b8152,2024-12-19 07:01:17,CREDIT,54600
01aba5ca73083ad7b89ff642b22ec990,2024-12-20 23:45:45,DEBIT,17900
01baf5a5ffa423a01588f50dc1bdce41,2024-12-19 17:47:17,DEBIT,59700
01cfa227617fe0afdf860ce5f12ba175,2024-12-19 05:31:37,CREDIT,26400
01fe053b012d794e418d73e1591e3aa3,2024-12-19 11:07:00,CREDIT,22200
02844f5996372a40effc07e63a3e9a14,2024-12-20 12:45:55,CREDIT,30400
0320758fc5a5d34a7d06a1cf40d8e86e,2024-12-20 12:58:08,CREDIT,16500
0322f26f9c15e84a3296b4a68e599d5e,2024-12-20 09:24:30,CREDIT,71300
0378c71552f31f8cf1c7d762ca990842,2024-12-19 05:46:14,CREDIT,68300
0389a0ec9f0736e4c5f9b042c8439b2c,2024-12-20 04:10:44,CREDIT,6000
03a33f5f4fbfbca9e8786d775b08b931,2024-12-20 15:24:17,CREDIT,63500
03b7a54aac3c733d579becea1cd11649,2024-12-19 00:19:50,CREDIT,27200
04eb7196d7d34498f82c0df653fea015,2024-12-19 22:30:20,CREDIT,48000
053dc15075798727e222adc93bd9d22d,2024-12-20 08:28:09,CREDIT,51700
056d5c7dbd08a61478ab369a13617d9b,2024-12-20 16:56:41,CREDIT,96800
0631a2898d75a8ba68757bd6790ef75d,2024-12-19 01:47:58,CREDIT,32600
064c930397e976024045b590f0d6a602,2024-12-19 11:07:12,CREDIT,48400
066381d9a2eefe5c32f67dccbd406864,2024-12-19 06:08:17,CREDIT,55400
067d143efa21b56921e2cfd652657542,2024-12-19 07:02:23,CREDIT,22600
067e09e932d00ec469d489c399c087ab,2024-12-19 06:44:29,CREDIT,45200
06cf5902dcf9b30e94d931f500fe88a8,2024-12-19 10:33:14,CREDIT,26600
06ea8aec8c06bed2623ef03191dc3043,2024-12-20 06:20:34,CREDIT,37000
079028a37e124829f2747a5084888236,2024-12-20 05:51:52,CREDIT,56400
0797c9e9c4e609fc7fb9c09e92365515,2024-12-19 00:15:50,CREDIT,20800
08537416ca799a8fba7963fa3452590a,2024-12-20 18:17:43,CREDIT,61500
09b76e5c21f3cccb8941f2870fa4df53,2024-12-19 22:17:42,CREDIT,19900
09bfe0f73d8d9e06b538ab107c577ef6,2024-12-19 05:18:52,CREDIT,13900
09d7bff859f0ed4bd8cd8f114e8d2f1f,2024-12-19 04:28:05,CREDIT,26700
09f54ef225f336f991d0cf70ab2db099,2024-12-19 23:33:43,CREDIT,13300
0a1452cf569a08d07e5f6afaf689b22c,2024-12-19 21:51:48,CREDIT,90300
0a46bb5b20c3acb1c173a3e732e21fe3,2024-12-19 11:09:46,CREDIT,58400
0a4f2cbcd829e1a7ae7b26611b59d019,2024-12-19 20:23:28,CREDIT,20900
0af66ea49178194e622de920e01b9b7d,2024-12-20 05:25:27,CREDIT,76100
0b147fccd6679fd3bf93f6c103cf6e27,2024-12-19 02:58:45,CREDIT,38200
0b8c87d0d8d5c6aeed0139c29693ab27,2024-12-20 19:22:39,CREDIT,21900
0b9ecb6dd7e9bab721f7ca8a9f912076,2024-12-19 21:19:02,CREDIT,35700
0bb413f417259394d93643266a6f9237,2024-12-20 00:44:13,CREDIT,86900
0bcdc6c885baa613efa9f4fe64aebed0,2024-12-20 10:16:02,CREDIT,48800
0bff54b1b06271133b02de7538627aec,2024-12-20 02:41:56,DEBIT,22300
0c93d0015308577a2bae1448029d0011,2024-12-19 04:35:25,DEBIT,66300
0ceabebda70bcbe909be2b9946ad6caf,2024-12-20 12:37:29,DEBIT,64800
0d022a24f96c83a8632aefe8745190be,2024-12-20 07:14:23,DEBIT,48800
0d42e00f84f90bfba049c677c7b14322,2024-12-19 00:45:03,CREDIT,40300
0d4c3e1e96056ca8d51062d2bba05a11,2024-12-19 08:33:13,CREDIT,19800
0d4de73b1198294925a9f6982022b239,2024-12-19 01:57:23,CREDIT,8400
0dc7f3c62c4aaf1c25a1f54144227573,2024-12-20 05:38:10,CREDIT,13600
0e99cd09ed493bb3dd19c3455de22505,2024-12-20 20:55:30,CREDIT,9600
0f3b3cb9546249b6390f14d820989294,2024-12-19 00:35:25,CREDIT,8300
0fd69897329e7057d3253faa63425c2d,2024-12-19 15:10:04,DEBIT,19400
0fd7d142f62fa5210e26e081138b27f5,2024-12-19 06:20:16,CREDIT,6200
100d5fbae11b69afe268540ad8a188a3,2024-12-20 04:23:53,CREDIT,26200
1035f31968207bec1128999023b544fa,2024-12-20 09:55:06,DEBIT,31100
1055442fb9333e1b41d5e196dae75aa1,2024-12-19 15:08:47,DEBIT,12200
1070ac6fb9ebede7616c0b5ebd3c576b,2024-12-19 00:24:31,CREDIT,32600
1090640ea36a645c417b42e69b2161d3,2024-12-20 07:55:58,CREDIT,28800
1098c239ffc386770c86f35a7d8f545b,2024-12-20 09:37:52,DEBIT,31800
10b169e611e7d4c62b71504393e78c8e,2024-12-19 16:22:08,CREDIT,34000
111cba10f39dadb026a69dd493a191a8,2024-12-20 02:28:59,CREDIT,41300
117c8c4f8f414579cf42efe2384be0f9,2024-12-19 02:55:45,CREDIT,77000
11f0b3288e8769dfb067f4edadf070d9,2024-12-19 20:24:47,CREDIT,90800
12239f831cd856131bd60e76e19b6aba,2024-12-20 10:14:55,DEBIT,91300
124d4772a89d3f2697b37d56ffd0eb80,2024-12-19 16:53:59,DEBIT,45600
12e31256193b7e5c077ef156dcaff1ea,2024-12-20 22:44:37,CREDIT,77900
12f675aadb418fc0e515904d9260b492,2024-12-19 17:19:04,CREDIT,73300
13056091fd324d92aa436effe1748fe6,2024-12-19 13:51:09,DEBIT,56900
138c2501408bab360db5181e0d9fd87b,2024-12-19 17:04:56,DEBIT,50800
13c981edb4a44a0851d29ab4349392ce,2024-12-20 16:15:18,CREDIT,71900
13fff9a7ff50629e4375c7c379b91707,2024-12-19 19:54:02,CREDIT,54700
1428dc9268c16c01f48ec45404e770b3,2024-12-19 20:06:32,DEBIT,60800
146a07be67170a7bd842c72ef3f8a34e,2024-12-19 13:58:44,CREDIT,47800
14937aec2e8c3c3fe8cbc4c1ad79adf9,2024-12-19 14:11:06,CREDIT,10200
14ed3dfdb1e60a2e9665448757c3e966,2024-12-19 21:29:51,DEBIT,92500
15c450d23faff9486ae4010752aa361b,2024-12-19 14:25:18,CREDIT,62600
15e94ceb2100dbcee2328de9f4f23743,2024-12-19 05:20:01,DEBIT,45500
15e9afad1c733c57c69ed9d418ce1876,2024-12-19 16:46:47,CREDIT,40200
166a448300cf0a572b9c14da6b126cec,2024-12-19 05:11:24,CREDIT,17000
169626b43e43fa17438a7e746abb5bea,2024-12-19 23:00:15,CREDIT,89500
171b53140dfaee033ab3239f4717133c,2024-12-20 23:51:25,CREDIT,38800
1727bab8e322f5c9e33ed8b8deffdc92,2024-12-20 02:41:54,CREDIT,73500
172b4244523a2f5c616909b0fb2f92b6,2024-12-20 14:41:19,CREDIT,1700
1811a8013b89f7a71e0d43bd6fa2e95c,2024-12-19 15:54:55,DEBIT,50800
1811e6232a90f648eb9154ebc740eb17,2024-12-19 16:44:10,DEBIT,21100
181443dddebe7df02cb7617cdea59c9a,2024-12-19 07:09:45,DEBIT,20700
185397018814c3b8642dfd1f414df32d,2024-12-19 22:16:17,CREDIT,79800
1860f1b4823961727b2a394b81d4ff98,2024-12-19 22:25:32,DEBIT,80900
18ef13623dc4d14ba2cef3c95eaaa7b0,2024-12-20 14:43:28,CREDIT,21200
18f970622acd41bc42947d3784b5f735,2024-12-19 19:38:13,CREDIT,20000
190840b19065b080d21ee749a1a4e0fb,2024-12-19 16:13:07,CREDIT,59700
1929f9f306be3822c8ef3032592e63ae,2024-12-20 21:21:56,DEBIT,95400
1969eed4e6e9bf357f3f7006cd74ed60,2024-12-20 00:11:14,DEBIT,16300
19c2968d8025daa2cee2b28b78b16709,2024-12-19 16:37:04,CREDIT,98700
1a154fbc4fd8da06805ce4ba91d7ed39,2024-12-20 18:56:47,CREDIT,27300
1a4d0e310cf604bdd08e3b2a69a85887,2024-12-20 11:24:52,CREDIT,49800
1a869bbb1f5bb2d0dbead5452be5a03b,2024-12-20 21:33:46,CREDIT,66500
1a97745843af8e8085d889ada2b8cff3,2024-12-20 04:20:17,CREDIT,31900
1ae0dc9b785f81373042f6b859d3bd71,2024-12-19 13:54:39,CREDIT,23400
1b1531227d83583ef295444e97b57cd0,2024-12-19 15:01:53,DEBIT,39900
1b1b856e2b98d88ab4dbb2c39893f3dd,2024-12-20 03:11:07,CREDIT,1900
1b8eb02807aaf4a232e95f43d424cc5c,2024-12-19 18:38:15,DEBIT,41200
1c06456f67dbeca1d99434cc718ba2f9,2024-12-19 09:37:00,DEBIT,96400
1cd108aa37abcaf0e5fbfae6c4dc9c32,2024-12-20 23:34:39,CREDIT,66900
1d15b886b738d32821d787afc10eb494,2024-12-19 23:03:14,CREDIT,36700
1d347b6e979784d589fdd478a046a67d,2024-12-20 09:32:50,CREDIT,74100
1d5f12505e601b64b1ef83ca11723abe,2024-12-20 18:05:20,CREDIT,83300
1da2a7a7f08c2c23af038439d1cdb636,2024-12-20 17:24:05,CREDIT,27600
1db34e6acfc82362644b747edeb04339,2024-12-19 11:45:13,CREDIT,61000
1df7f78ce829fa2392e27119fba8c14a,2024-12-19 19:02:19,CREDIT,57200
1e1986fb8e69028a765d7695dc3c019c,2024-12-20 07:46:42,CREDIT,36500
1e1991011e641d69018319a62f6cf5a5,2024-12-19 23:38:08,DEBIT,63600
1e4625212b564dbfae759a7d2aa3291d,2024-12-19 14:27:00,CREDIT,3400
1e59fc4eeb5e123f36e9d1665174bfcd,2024-12-19 13:39:05,DEBIT,64700
1e827da2bac497cd1cd420b4aa8a9d82,2024-12-20 23:38:48,CREDIT,31000
1eca1ae62ad65181b0cd05a81010d7f1,2024-12-20 08:42:04,DEBIT,96100
1ed605e4a5c59d4507a8e1caa6494478,2024-12-19 08:42:06,CREDIT,70900
1eeb3935e4359c026b246f722c12b15a,2024-12-20 03:17:06,DEBIT,74800
1f41f3d17b4bfbd8ba37ee35764da4e2,2024-12-19 01:35:44,CREDIT,30400
1fbda1bf255419dd16cb6f89a2cda71d,2024-12-19 07:23:35,CREDIT,10100
1ff3d524530c045a02253ead6d54c088,2024-12-19 17:18:33,CREDIT,63500
1ff5d11a5e59e4fb40791c1ce1d8688f,2024-12-19 12:51:38,DEBIT,67900
1ff98363426dc3327da920e5d302e334,2024-12-19 09:09:40,CREDIT,84000
201918b870933c6a2375c0a1901fcbd5,2024-12-19 10:11:51,CREDIT,30600
2044d87133d6c1d16399592f639b72aa,2024-12-20 10:13:54,CREDIT,36700
205ed1071aadf491881acccacbf31e93,2024-12-19 21:23:15,CREDIT,81600
20bc0e016f8a6f0b2eabff16b271bd4f,2024-12-20 00:01:07,CREDIT,20700
20eb3e7972a4b34ab779abc686b758ae,2024-12-20 09:07:28,DEBIT,16100
211474f0f6b6581cac1015de6d607c1d,2024-12-19 10:46:59,CREDIT,44700
21704c16bfea756907dd5745cfdf88b0,2024-12-19 21:23:32,CREDIT,19300
21f428f10a4459d1248110bc60f660bd,2024-12-20 15:46:19,CREDIT,36200
222186736b4819d17b89968a120d5bdf,2024-12-19 19:18:03,CREDIT,25900
22304ace4a9c8af896dad607376db5d8,2024-12-19 14:56:18,DEBIT,18500
22476feae76841a26ce79ec8a4359e81,2024-12-20 04:50:25,DEBIT,62400
2271ba2b021465a60adb1111671beb1a,2024-12-19 19:26:55,DEBIT,29700
228ea32023d96a478963b4b09764eca4,2024-12-19 12:32:40,DEBIT,62400
22c30fea2be00c09fc45e4c380c73b7d,2024-12-19 19:55:08,CREDIT,81400
22c39e31cfd8e75397f299a941cee5df,2024-12-20 03:06:43,CREDIT,80300
22cfeefa7f8198bf1923c5fc41598d14,2024-12-20 01:55:45,CREDIT,60300
22d2a4d6c5e7e9d0f526d9cccba1e22a,2024-12-19 15:19:15,CREDIT,84100
22dbc63a1e1141695adba53b3334a421,2024-12-19 06:40:27,CREDIT,36300
22fd3e9061c279a0abf93174d02b87e3,2024-12-20 23:48:47,CREDIT,73900
232c58fab7194e4effb1881bb3bf3175,2024-12-20 02:09:20,DEBIT,83000
2334f539e2e99bf15c87ceddc34f67b9,2024-12-19 02:02:07,CREDIT,89100
234bfc4f8926e3811237163a7fc050d3,2024-12-19 16:52:38,CREDIT,26200
2373d487579f18379101f0066df83c20,2024-12-19 05:41:58,CREDIT,58000
23a68cce6af2ae5c6f4d887b7fa8de9d,2024-12-19 01:20:12,CREDIT,71400
23c1b870e257ad1d9782133c6b5ec9ac,2024-12-20 03:55:08,CREDIT,17300
23f18277f67471aabdceaee6adfc4037,2024-12-19 02:23:36,CREDIT,87700
240d116fabe19b8e65c4611c3dd78990,2024-12-19 21:53:45,DEBIT,52800
24131fb3b0f10cd176691a49a7a3d164,2024-12-20 20:09:23,CREDIT,7000
242cf3981223af3479e0eb4383a31280,2024-12-20 10:36:14,DEBIT,40200
246a8208c0609c989ec55515af8e1239,2024-12-19 08:03:33,CREDIT,95000
247fb122286ec7d113b0a33cd8aa3b60,2024-12-19 08:51:13,CREDIT,33800
252f01de4eef5ad057fe529bbbdbbeb3,2024-12-19 04:07:03,DEBIT,41200
25895c23f585d2beee7e52e8a3279db3,2024-12-19 05:20:03,CREDIT,48600
2607ce07660e8a9df073e5f8a4a5e9a2,2024-12-19 01:00:38,CREDIT,14300
263fbba607785781fcd0a7e253f677e5,2024-12-20 03:23:08,CREDIT,33200
2673e57f6ed2618f21db5a7de0bb8a86,2024-12-19 19:58:57,CREDIT,58400
26a7d26fd2aa3e49364190b066778709,2024-12-19 00:28:40,DEBIT,48300
27668ff4d57f83fd613284244d907d00,2024-12-20 21:59:30,DEBIT,25100
27747a98704124dd32a79a80e7935c8c,2024-12-19 20:18:35,CREDIT,99300
27f1d08d03e28e700044b7b08797e443,2024-12-20 23:35:41,CREDIT,70500
281c727fb58bb3d7fb4cba3daf246395,2024-12-19 01:51:00,CREDIT,14600
284ab68cb88ff3aa2b87832ac3f2f7d7,2024-12-19 09:12:08,CREDIT,1000
285f16d5076bf1f9687ee79a88fd1c67,2024-12-19 17:09:29,CREDIT,94800
28975d3babd941e583161ae8d839c6b0,2024-12-19 02:18:58,DEBIT,85700
2923a12ff558925150aca80e28d63c05,2024-12-20 11:51:40,DEBIT,14200
2979c85ab5fbb3cb0e69b941d32df6c6,2024-12-20 20:16:30,CREDIT,37500
29b2ba7025ba2578cbd96ad4ecac018b,2024-12-20 05:46:14,CREDIT,19400
29b95c62fe75e0474053669a875fa738,2024-12-20 21:14:52,DEBIT,11400
2a1ff2fb43afcb81ec2677d42079157d,2024-12-20 21:10:46,CREDIT,3600
2a328ab125efda54f5ee6075b239ec8f,2024-12-19 02:22:45,DEBIT,25700
2a96f7ca64a8a11d2be26f8639334899,2024-12-19 19:55:13,CREDIT,86500
2adb06f30c36051221eb5eb9a41ca3b1,2024-12-19 21:39:59,DEBIT,54800
2adb8f0adbb91e48f84ae6f2343b3e8b,2024-12-19 18:15:56,DEBIT,5100
2ae39ba654cd612ca927153cdb094f2c,2024-12-20 16:48:57,CREDIT,57500
2b4fc99c16792db015ff7394250f9b42,2024-12-19 21:13:49,CREDIT,48300
2b56def37213c28758a0484cc04d3304,2024-12-20 05:36:39,CREDIT,58500
2b7008673846e9ac82d61dd629fbb98a,2024-12-20 17:18:36,CREDIT,35500
2b9779414bfcb8191ce7c6e8b02fff17,2024-12-20 10:02:51,DEBIT,10800
2bf95b8f75ffedfa99fe93b63eeff44e,2024-12-20 10:24:29,CREDIT,76600
2c0e99c79eeedd92383ada16bd5460d6,2024-12-19 15:23:13,CREDIT,56500
2c2f8713061f9b1b98c7b099891fbfca,2024-12-19 03:21:17,CREDIT,57500
2c5516c7d697254dc8c9c54feac7c898,2024-12-19 16:47:31,CREDIT,29700
2c655b518170ae2a80a6d05f098b5289,2024-12-20 19:50:02,CREDIT,56600
2c8cda412b831eaad7af3b1fffbae350,2024-12-20 21:29:29,CREDIT,19100
2d34bedf65cb51f74f618be55b9109e4,2024-12-19 23:34:51,CREDIT,18800
2da1b57d61100ccb8217991e5afed3e0,2024-12-20 04:00:57,CREDIT,6000
2e135ca2b665f0dd81572ea1dcb112e1,2024-12-20 23:24:42,CREDIT,10900
2e2ca46cc00d807d2e450df0dbb9d5d3,2024-12-19 15:10:01,CREDIT,99500
2e8bfdb0753097542f4872c132ba1afe,2024-12-20 07:08:36,DEBIT,61100
2e9bfcb225e32f10ede7b9795cf50527,2024-12-20 11:30:19,CREDIT,35500
2ec4920857a47c519c909e316a34e363,2024-12-19 13:29:17,CREDIT,85700
2ef419f86e0221057e6eaadac1ff89c9,2024-12-19 17:18:42,CREDIT,32700
2fa8738172a9e1e91ec2e152c5413241,2024-12-19 01:23:32,CREDIT,11900
2fc3d5abfa0b09c8267ddaf7cc86b75f,2024-12-19 01:34:31,CREDIT,33000
303d2646226c7aa6f1901d2be68f4dc8,2024-12-19 18:44:57,DEBIT,37500
3064268eb7c4bf492a2a6da84d30fea2,2024-12-19 12:30:13,DEBIT,79800
308222ee8e9ededb45915e584cab869b,2024-12-20 16:37:48,CREDIT,90900
310f52bee57c602be50c117b3ab5696e,2024-12-19 23:09:33,CREDIT,13800
312469cc2b3af592b1a2951b6e0a6e94,2024-12-20 19:20:38,CREDIT,68100
31ab2ca1d27b239d4066c35338f7d2fe,2024-12-19 12:05:23,CREDIT,88300
31f6194bb814149432c7909e66082542,2024-12-20 09:36:33,CREDIT,87900
3215fa7e09ef48af040a43ef52b26b36,2024-12-20 11:25:28,CREDIT,30600
33034a06f6c885d58279de97b0d544da,2024-12-19 18:05:46,CREDIT,52100
338bb156e888241c66065c963b63d9f5,2024-12-19 18:58:30,CREDIT,30900
33c5cce1f5cbd0c43040b043cb492ad3,2024-12-20 03:53:00,CREDIT,82800
35633e4f9b6aac6d5f59c5443641ed2b,2024-12-19 22:21:29,DEBIT,71300
35892e5ffa74a410c07cd4e4c034e178,2024-12-19 01:31:44,DEBIT,64000
361109d74cce53e186d3dc4cf5740aff,2024-12-20 06:17:10,CREDIT,49200
366b154bfc736bbd2238693b0b1214ea,2024-12-19 15:07:01,CREDIT,72300
36cbbabba0b4ba1eb98c24cf0cea83ea,2024-12-20 00:29:59,DEBIT,78700
3736eaf89dea19640d0ef45c2d7b625f,2024-12-20 18:00:47,CREDIT,9000
37549cc38565e29b61bd9dbdd7ab2bbe,2024-12-20 01:34:28,CREDIT,37200
3756dabafe7214263a27a8205e53f3a8,2024-12-20 05:21:48,CREDIT,86300
3776867df6691d9ac3d3191e3e6b5549,2024-12-19 21:26:27,DEBIT,17500
37b60e5a1c8803815bc2dcbdf5a00318,2024-12-20 08:10:37,DEBIT,43200
37c1c04e1bddb8cbd218b36f639bca19,2024-12-19 12:16:39,CREDIT,39700
37e7c3b28e8a7e3b5107b0bfe4585df2,2024-12-20 10:39:25,CREDIT,53900
38160a6a99d55ec95f36c1cb9bd8e4a6,2024-12-20 20:54:26,CREDIT,82600
38242d18c2397bb1238537a438e433e2,2024-12-19 09:27:15,CREDIT,12200
38297161f51302239a37685717740ba6,2024-12-20 20:42:56,CREDIT,84300
3857e498387bc32a9f87fdaa49e40e79,2024-12-19 01:36:39,CREDIT,31100
38b152777f0fa3fb387aea85d1f6a666,2024-12-19 00:23:53,CREDIT,11600
38b4ffb5ec848ec21674b0771a0dd1f5,2024-12-20 08:17:16,DEBIT,57300
38b62dd9411765d8fae74f7466b56a2d,2024-12-19 06:04:39,CREDIT,18900
38c0af6a485ccf177c19fce562c743d9,2024-12-19 11:57:19,CREDIT,83500
38fbe40b2193e5b9bf072ec5cfb14f0c,2024-12-20 00:49:53,CREDIT,35100
390dbac7b870ee6c72b4264819841e0c,2024-12-20 11:33:00,DEBIT,43400
392a5117f071927c1cf3988e4de0b293,2024-12-19 15:00:46,CREDIT,95900
3941a5cf3d3953ad2154ef919a1bbbd8,2024-12-20 02:44:33,CREDIT,84000
39442297d75a0796e2c7184e1009e4f7,2024-12-19 14:51:15,CREDIT,15200
395a9a4683fa3957e614cbcacc39cf6f,2024-12-20 15:15:39,CREDIT,80800
39d1389875555507797102340b9279b0,2024-12-20 21:54:54,CREDIT,12500
39dfcb6e3af09e7aa928095d8ca12483,2024-12-19 22:01:33,CREDIT,3000
39e19d719a2787f5e486a75f8a4bec6b,2024-12-19 13:34:30,CREDIT,73100
3a3527543079004107a063b2208c8f37,2024-12-20 09:27:55,CREDIT,69800
3a6a3108fdfab4c178118fd7077fd934,2024-12-19 21:33:58,CREDIT,59400
3abce93db367c4226770418b70f7ac5c,2024-12-19 03:04:06,CREDIT,53400
3bff8627f1b295789fbeffbe6ea2a60e,2024-12-20 06:51:02,CREDIT,73200
3c0424d8032afcf3386f164f77808bfd,2024-12-19 13:03:40,CREDIT,5300
3c1c1f6d7f98c832531c4f61f019d496,2024-12-19 00:36:02,CREDIT,96000
3c5acb9a8b5a756b08336b82aa3da207,2024-12-19 20:33:23,CREDIT,46100
3d4d7545ed020c72f18dd3c3ba947ff8,2024-12-19 01:34:44,CREDIT,90200
3d7b437138bb3848014b31a6a7d49749,2024-12-20 21:31:04,DEBIT,54400
3da45c98112270825b0f55898f1bd124,2024-12-19 02:20:31,CREDIT,42200
3e1d9dbcff906b15f71be43b5b120285,2024-12-20 11:08:38,CREDIT,26200
3e2f7f42b0af1228ec1b24b27ecb8fbf,2024-12-19 16:44:54,CREDIT,11600
3e39e71d85b432571cf87869416e6110,2024-12-19 02:22:33,CREDIT,70100
3e43c52c4a01f336a970b5a3485215a1,2024-12-19 07:28:58,DEBIT,52700
3e696023a4db65cf0d00118f513eddb1,2024-12-20 08:39:52,CREDIT,28400
3e6c5b4298e7dc1a5e02cc1b151fa68c,2024-12-19 22:33:49,CREDIT,43900
3ead72acf07cbd088f369ee625f2b76f,2024-12-20 13:37:31,CREDIT,85600
3f9a96448f563b39e67a3ae5ca055429,2024-12-20 01:28:19,CREDIT,26400
3fd6df8c3e258b03000464cc1298afac,2024-12-19 08:01:11,CREDIT,8700
407c912ab95b1ac74f0bccca57140ac1,2024-12-20 20:40:16,CREDIT,26600
40d29ebbbd2c523b5fa102a388f4ea00,2024-12-20 14:07:53,CREDIT,42100
40e7ae313ce48f57f98e3793fda1d072,2024-12-19 13:40:36,CREDIT,45100
40f0989b64433530dff6e57914d51f63,2024-12-20 07:14:08,DEBIT,13600
41820723e09a0ebf73060c57ad33149c,2024-12-20 21:10:42,CREDIT,33000
426fd5624eadb6f78531737a8d37d4f4,2024-12-19 00:04:23,CREDIT,73600
4297fb82df9cf9c11e4e8f17d47d3a3b,2024-12-20 15:15:53,CREDIT,30400
42999bacb4ef2d3d6926e1175c7bd743,2024-12-19 09:27:29,CREDIT,74300
42d311085d0a426f1d9bdf76f870cd2f,2024-12-19 07:40:17,CREDIT,84100
42feeae03635a8b36d6b5570d43fe98c,2024-12-20 04:02:18,CREDIT,39700
43069961cbf58e06aa38870b3cc6dd42,2024-12-20 06:48:40,CREDIT,28500
4327dea07bf09601312b443f3f4212c9,2024-12-20 03:04:05,CREDIT,48800
432a13d3d2c526d9d458e82e18bea9ac,2024-12-19 06:25:34,CREDIT,91700
435d4b533f27ce66c464f67217f35346,2024-12-19 09:40:20,CREDIT,43000
4414c28976f8cd6b7a21f20a3e110cfc,2024-12-19 23:13:50,CREDIT,37900
4415102621d31b5b4fb679fd24cd2ba0,2024-12-19 18:27:59,CREDIT,73300
445755ebb90cce1e37712f6d1a6ef849,2024-12-19 05:48:26,DEBIT,31600
447ba3614825ff2a83d0195ba71af82a,2024-12-20 03:33:36,CREDIT,20000
450781ae80508e8c1f5d7d1f3da88e2d,2024-12-19 09:24:58,DEBIT,56800
45a5a859a73c71cba27ca58f555fdd20,2024-12-19 17:38:41,CREDIT,73800
45ffaf987957e10baebe852897352aa1,2024-12-20 14:54:04,CREDIT,60300
4630be81aab02ef97625298b3bac2b49,2024-12-19 19:09:22,CREDIT,63600
464c331037b34bd2d66d0664a91c1273,2024-12-20 02:08:43,CREDIT,24600
4654ab61f48120bd9533484fe6c7386e,2024-12-19 18:20:16,CREDIT,84300
4654ce24e5096709ca4d67ed3211b276,2024-12-20 00:51:27,CREDIT,61200
46cf43a3f30b3dcbf86eb1eb2a63b4c1,2024-12-19 23:32:57,CREDIT,72500
46fcd2f1945601091ed546c3e4b358b0,2024-12-20 17:44:51,CREDIT,15800
47428cb5df5f91f9f4f4fd79b56fe293,2024-12-20 18:26:40,CREDIT,78000
47eba67b798d672140619891a35bc2fa,2024-12-19 09:20:09,CREDIT,66900
48216c272b7ebf3cb6ce246187c5fc6b,2024-12-20 17:07:41,CREDIT,37300
484bff3ddb7a5a30ff17c7be137d5b5f,2024-12-20 14:31:32,CREDIT,75800
48db7c2cc21e693fec8e3a89a736ed20,2024-12-20 13:01:40,CREDIT,55000
4902d420a0296386a7f42b84ff537b80,2024-12-20 05:15:13,DEBIT,77400
49267b59f48a12434d5befe6c29f53d2,2024-12-20 15:47:05,CREDIT,65500
493e7cab500a97da44f2e0aad933062e,2024-12-19 20:52:46,DEBIT,26400
495ab29e5b5f2374667dab680671a279,2024-12-19 04:14:07,CREDIT,22600
49a94f9ff0abcfcdf209d773a063e8b6,2024-12-20 01:54:07,CREDIT,82300
4a5025f34becb1bf92e74f39e59f5f0d,2024-12-20 10:41:57,CREDIT,66800
4a9aaa6657081fb8795888be4b41cba3,2024-12-20 19:00:42,DEBIT,53600
4aca41d995eab090bb7323fb3b9fc9ca,2024-12-20 01:28:07,CREDIT,8300
4b49fd9efb6a2487e4f7adb832fdf518,2024-12-19 02:43:28,CREDIT,63600
4b694dc04668f4d7e3a96021f202467c,2024-12-19 04:25:25,CREDIT,43900
4baa04a5e963aea5dd8b9f113b4920b8,2024-12-19 13:15:32,CREDIT,92100
4c15c0a39255895f1a6b9eacbfe83d6f,2024-12-19 01:58:46,CREDIT,77300
4cb5d072579010f40dde5c855072bf0f,2024-12-19 22:40:48,CREDIT,15800
4cc3e035f7263fddf2679baf37dd7995,2024-12-20 07:02:14,CREDIT,98900
4cc948481f78331e79f429a193d1675e,2024-12-19 19:23:48,DEBIT,23900
4cd10a8e2bc85a110bddb4df4527ea71,2024-12-20 04:23:57,CREDIT,21100
4d406a7e27814ab353cc07d301d14f0f,2024-12-20 09:54:49,CREDIT,32500
4d59ab58f5d7ecccf51304c1b491338f,2024-12-19 21:25:08,CREDIT,73600
4d7f3baede0a84b2189e56bd8f54b6f0,2024-12-20 22:22:02,DEBIT,28300
4da544cba1215b67c8d00be0545ad51d,2024-12-19 05:10:52,CREDIT,58900
4dccc40543dc158e6f80357fb3f05961,2024-12-20 07:09:20,CREDIT,17600
4dd325fbbc44d28e6a0ae065057988bc,2024-12-20 12:13:04,DEBIT,42600
4eed173b2a32a588b4908d8450b3e975,2024-12-19 06:13:25,DEBIT,8600
4f18149f0448f3fc75b05b1e8ee3a0c2,2024-12-20 15:21:38,CREDIT,91100
4f38a46076ed49a4a7e880adbb133c2d,2024-12-19 04:10:42,DEBIT,63900
4f8ad8e440e3ce122c3ccdfdd61ad8d2,2024-12-20 10:47:22,CREDIT,29300
4ffb5ab0020a4c59f56753c7ae339b84,2024-12-19 17:21:24,CREDIT,86000
50151a2e6a1cd3594ff1fb4103016ecf,2024-12-20 18:10:28,CREDIT,14400
50d2606407ef6b155b699d5c237d2b1d,2024-12-20 17:36:43,CREDIT,59300
50fac4a2b922b50733e8478115a14234,2024-12-20 09:07:22,CREDIT,44200
51149c8e7f07abf5447aa78fde9ff2ce,2024-12-20 09:22:12,CREDIT,72100
514c8c86c43ad39a898c5258a4438635,2024-12-20 08:38:06,CREDIT,46900
515f02fe7abc78797e35b35a40a5988c,2024-12-20 00:52:02,DEBIT,13700
51674a098e33fdfe6e3e01c9e1afadbf,2024-12-20 23:21:18,CREDIT,57000
517be746c92fb7be3134ec0b015ab24a,2024-12-19 08:52:10,CREDIT,96800
519d16a4e060a1bc9f1f1f78988864c4,2024-12-19 12:20:26,CREDIT,10500
51f4393abdd2b4a9fd80e82289e30652,2024-12-20 15:21:15,CREDIT,86600
5217d2990ce13c034eb7b5c081ace9b0,2024-12-20 09:58:51,CREDIT,36900
523770797686ec1e4c41ec10e11eb67c,2024-12-19 11:54:03,CREDIT,52700
5250480c411069b1afedc93564159a22,2024-12-20 22:52:45,CREDIT,63900
525e2600078af1981100fbadf7ad9b72,2024-12-20 23:38:43,CREDIT,69100
52685f6c3061aae14355e964457743ff,2024-12-19 02:07:28,CREDIT,92800
5326a218e4402521a18c04505df1e393,2024-12-20 23:32:05,CREDIT,79500
534aa846982d2f20b8ce71b605c9a4cb,2024-12-20 01:56:03,CREDIT,45300
5388b06a0d369bcb4c065fd9eb0f3bb7,2024-12-19 18:22:07,CREDIT,11800
53b4ad17cfabac2af02435d7497ecd2e,2024-12-19 21:11:16,CREDIT,31000
53bc97c9685cf49693e879d1f986c7f6,2024-12-20 11:26:24,CREDIT,12100
5546c48ad652c5cba0dc6a14b6a32e52,2024-12-19 09:46:27,CREDIT,94400
55b6be5bd5f6741bcffe7f6ca1d20f73,2024-12-19 04:03:58,CREDIT,36100
55dfe79165d78d82cbbb2e9df24afd7b,2024-12-19 06:20:57,CREDIT,76800
560d0f1a22bd4cfae16914f339633932,2024-12-19 00:00:12,CREDIT,75400
5612f747187c1e6544685629d99a3901,2024-12-19 23:47:07,CREDIT,56500
5634b043080a3041de98b4b92ed84f73,2024-12-19 21:59:17,CREDIT,67800
56883c505ac26335efaff0c5c15c90ed,2024-12-20 04:39:00,CREDIT,23800
568ac72ca003351e5a528317217dc0bf,2024-12-20 21:11:16,CREDIT,87900
5744f5430506fe9a084c2d4ffff6c6c6,2024-12-19 11:54:26,CREDIT,80100
5775a847f7ed8dbc905554459fa8ae6d,2024-12-19 03:49:32,CREDIT,64300
57d7098f211cbfeccf55425842649b06,2024-12-20 03:12:35,DEBIT,2800
58078cbb79cdda59b8f320dd926aa4be,2024-12-19 10:39:12,CREDIT,76800
582984306365261696cffa64cd8979b8,2024-12-19 07:59:56,CREDIT,15100
58ed50bf9e5a07b6ddb8c4a42f2e77d1,2024-12-20 11:45:40,DEBIT,73600
58f3dbe64522a2283e79303e08648b97,2024-12-20 09:49:24,CREDIT,95700
59294b379bbec978deab081c3e63bed1,2024-12-19 22:22:35,CREDIT,46800
59711ff6b20ce503315850e0d5ec06f5,2024-12-19 04:11:58,CREDIT,98100
5a22a6875ce4c1986627614fe6e73aa8,2024-12-19 19:18:02,DEBIT,14200
5bd5196ae314703ea1ef0c917430e51f,2024-12-19 21:00:50,DEBIT,21000
5be470626a59e5eb6414726430733d0d,2024-12-19 17:39:17,DEBIT,85400
5c75300e9a1071f59b7368bd8bf6afc2,2024-12-19 23:52:09,DEBIT,59100
5cd9c779221ae063a28433e4bedc11e8,2024-12-20 22:55:43,CREDIT,56500
5ce1bf9f2db35dc6236baab0e8937837,2024-12-19 02:25:52,CREDIT,64000
5cf6d91f294f2d3452dab5952d80909a,2024-12-19 07:26:09,CREDIT,75200
5d5d909fc666304848e9e52788b3141a,2024-12-19 06:14:16,DEBIT,8900
5d9b41ccb040c1ad6f7a2c238a8b2eb9,2024-12-20 12:14:33,CREDIT,85200
5db2990fbb46e098426cff4ef0778cf7,2024-12-19 00:13:55,DEBIT,75700
5dd2c8fbb6d40d4db303ba7b14ffaffb,2024-12-20 21:48:36,CREDIT,32700
5ddf4872176a4e8ca9a0ff60ae2adc10,2024-12-20 20:27:18,CREDIT,55800
5dfeb81c591aef0e45799ab39ccf78c3,2024-12-20 15:44:10,CREDIT,44300
5e1b42914cda8eecb77ca8ea0c12804e,2024-12-20 02:13:06,CREDIT,27400
5e5a015c831adbd9674f8cc4cda9ecb9,2024-12-19 16:19:59,CREDIT,84700
5eb5a3e40bf773c187da378f2e866d84,2024-12-19 13:05:36,DEBIT,40300
5f25cdc52dd80c3bb5f6d5650d408cfd,2024-12-19 03:25:59,DEBIT,75500
5f374093799511c674f4c6c0420f3947,2024-12-20 15:31:35,DEBIT,93100
5fb940e7a57830de4de017bb43096ccf,2024-12-20 14:01:37,CREDIT,44400
5fc1b4a8f029850bd79a535acf2d927e,2024-12-20 18:03:52,CREDIT,12400
5fcb4e002af0a8dd147d35c3b3c506c4,2024-12-20 18:55:45,CREDIT,96700
5fe60b6c4d12470ad0c7b1dbe31ac037,2024-12-20 09:57:13,CREDIT,60100
5ffd48ae24cd61a0b12c82afa5de761b,2024-12-20 03:11:43,CREDIT,61300
603e340fa3625cf36402672fb0a3bb6b,2024-12-19 10:56:05,CREDIT,45200
61538a15853896560068de496827d29b,2024-12-19 07:48:04,DEBIT,28600
620dbbdfbb975a80a02adc3d1fa4365b,2024-12-20 13:17:35,CREDIT,18700
627b15461641aa4b51d6a583b32c044f,2024-12-19 13:07:23,CREDIT,52000
62893a6faed0a1eab625f791d5ae7263,2024-12-19 05:58:02,CREDIT,91400
62cbbf207a1fd88cc4f82e5123f16582,2024-12-20 03:57:52,CREDIT,17800
6323d53cc582a72a62a84f44c710dca6,2024-12-19 03:09:12,CREDIT,99200
637256aced4dcd23908872d5842b459f,2024-12-20 05:46:57,CREDIT,47100
64597c96c3063fbb6eb32460dd72ab70,2024-12-19 15:37:12,CREDIT,93200
645c5bf3ad232afb7cdb68fd128c5354,2024-12-19 12:53:23,CREDIT,71800
64e64a56f948c8b4f2517a876ae718af,2024-12-19 18:44:00,DEBIT,34800
651b16672d2763fdfaa04a7b5f1dd823,2024-12-20 08:34:23,CREDIT,77300
6526a9daee2d78bd850848240744bcca,2024-12-19 21:48:51,CREDIT,46500
653f45b1a5cba7996f201fefb9ef0565,2024-12-19 22:03:12,CREDIT,58300
658b2ed3adf87ab9642a997fec5e872e,2024-12-20 06:27:53,CREDIT,43900
659e47dcf67f5aed4d17c237171d5bbb,2024-12-19 08:34:23,DEBIT,5300
65bb03b8030ce8c92a394e2a581a6469,2024-12-19 01:02:03,DEBIT,16100
65e9a3ccf5d13bce1eb396c6c9836488,2024-12-19 13:56:07,CREDIT,25000
6619afeae3988e1d77a544bb216f87e1,2024-12-19 11:29:36,CREDIT,23500
66499d8644cc7480d1456fe382e115fd,2024-12-20 00:25:56,CREDIT,49300
66637ff6b556aebfda54a603a84f8b17,2024-12-19 01:36:38,CREDIT,10500
66b04c55a24711f3c907582ba0ce227e,2024-12-19 06:44:25,CREDIT,71800
66b07200bd693fbee9655873754d8337,2024-12-20 15:47:46,DEBIT,5600
66e916bf09a0e139abbb0887b1022ed9,2024-12-19 12:00:33,CREDIT,19000
66f345222fcb5e1e80cad5d8b6c70cca,2024-12-19 01:45:09,CREDIT,51900
6723202a853a1a9e5020db1b7ba673d6,2024-12-20 16:18:16,DEBIT,44300
673b6e1eab2f38280293a5c1e929d55b,2024-12-19 12:24:19,CREDIT,29200
673c2563fc311e7234b64a56cbb8f806,2024-12-19 09:18:50,CREDIT,16900
6757526bdc61e93857760fd1ecd46138,2024-12-19 12:03:27,CREDIT,9100
677fa9b25a73a921005f344f2017b7a8,2024-12-20 22:36:07,CREDIT,53300
67b46685c8f7cd4d058b37a676b15e29,2024-12-20 01:27:20,CREDIT,41300
67c37bb7274e2f93ed0ed4048c8116c2,2024-12-19 16:29:58,CREDIT,11200
6865c1dee45bd3b4dac163c89eed13aa,2024-12-19 20:00:03,DEBIT,76600
6865d47a8dfb11d9933ec7a24559e721,2024-12-20 13:13:56,CREDIT,86300
686e846a1dac050d7c60a6957152c3a6,2024-12-20 23:27:18,CREDIT,51200
687e974d18b4892905cd35c993e92234,2024-12-19 15:27:30,CREDIT,54100
68abfd6d5c774d42d33867dd9062343e,2024-12-19 21:06:19,CREDIT,37600
692ecff15bd585dbf7f2b08366e4fdd1,2024-12-19 19:43:02,CREDIT,12500
6943ddade9660378f1961d62fba2ceae,2024-12-19 18:35:49,CREDIT,7600
695357ff3a2b0f661bdca9c4572b779a,2024-12-19 05:42:20,CREDIT,38700
69b32edd9fa8a5b50078274550c36c96,2024-12-20 00:08:49,CREDIT,68200
6a1b7f5e0ad6833cbc860b4f31fd87dc,2024-12-19 10:14:55,CREDIT,74700
6a4090827ce82368826030476e899750,2024-12-19 15:44:19,CREDIT,22400
6a5222375d6443eef7c67af470befec0,2024-12-20 17:47:54,DEBIT,65700
6a990a80a5efe0f9b74546b2740906ce,2024-12-19 18:45:15,CREDIT,25400
6adc322f91356ba50cfc2dc9dca3f6b6,2024-12-19 00:40:19,DEBIT,21600
6bc6404cf1c899845a55db66985a1abe,2024-12-19 18:50:07,CREDIT,66100
6bca91c2163bf1f9663720bfbe80d152,2024-12-19 12:30:55,CREDIT,69500
6bfc10bddfd5112fcada37a6c9e26fdb,2024-12-19 11:23:12,CREDIT,78400
6c0caeafa1070f9050b43de8eebe2559,2024-12-20 17:35:54,DEBIT,34600
6c1c072c82dc0618404e8c341625fd63,2024-12-19 06:31:07,DEBIT,29800
6c715b9a6a5aa06b21d65e62553ca08c,2024-12-20 01:16:43,CREDIT,25200
6cad3943c98c706104f3958cf326cffb,2024-12-20 04:35:27,CREDIT,17800
6cea81d9278efe91f7cbfb303a00043b,2024-12-20 16:48:59,CREDIT,98400
6d8a83b61753daa7262dd078c4567907,2024-12-20 08:26:01,CREDIT,55200
6daafde5ba003fd7d01f3b0e5239a304,2024-12-19 05:29:07,CREDIT,27900
6db59a5ca5b00b32ede02fccc2da9718,2024-12-20 14:51:06,CREDIT,42800
6e8097d74bd27efdd4a024e8ab49b801,2024-12-20 16:37:03,DEBIT,76500
6e96c27797300a476e55ba57db740251,2024-12-19 18:41:20,CREDIT,44100
6ebb09f860cea0e7fd6b1745b164da08,2024-12-20 22:46:57,CREDIT,20900
6ec7d974be5abe206f9b9c6cb4c5f425,2024-12-19 18:33:23,CREDIT,95400
6f105ab4ad8b96fbfe030d2c6ecc7484,2024-12-19 08:48:01,CREDIT,56500
6f536d926c0bcf218556aa6606d59a02,2024-12-19 00:12:55,DEBIT,20800
6f768004fc71936e63b8ab8a1e0c87bd,2024-12-19 10:49:52,CREDIT,66900
6fba65aca6776c410b96d44eb6275fcf,2024-12-20 06:27:19,CREDIT,39500
7025a3d9f00d24c4462df6751642bba5,2024-12-19 23:25:33,DEBIT,61800
70595d0c5f22373d12b640447e120892,2024-12-19 20:25:11,CREDIT,87000
708956ce666ace0fb0de363c74517c21,2024-12-19 15:31:10,CREDIT,50700
70a1579f0cc0fe6bf226d8a8e1aeb716,2024-12-20 19:57:05,CREDIT,38200
70a725e9adbe9b0cedcf462bb6acac2a,2024-12-19 13:13:47,CREDIT,44200
70b8d9af5026f33a082402aac921b23b,2024-12-19 18:59:11,CREDIT,12900
70da60a0903165828f79da284dad730d,2024-12-20 23:53:40,CREDIT,93000
7111b3c9103cc75b9673eae5006e68c3,2024-12-20 19:20:43,DEBIT,81600
718ce4292a3d7d85f2fda89599cd5b85,2024-12-19 07:28:26,CREDIT,71600
718ff928ce29cdbc6ea19b0d7d695e9d,2024-12-19 13:39:13,CREDIT,64100
71d3287d47e57494cd964baff0461348,2024-12-19 09:30:00,CREDIT,80000
71db0f3648e97972fe06470849fd2ba9,2024-12-20 11:45:56,DEBIT,98700
71f3a1191853f41f3ed92f0859e18222,2024-12-20 19:13:00,CREDIT,34800
71f9ad793511683c174de3008ca365f8,2024-12-19 10:55:58,CREDIT,29900
7222061925e30c791cfb0f4434043e17,2024-12-20 14:49:52,CREDIT,58600
723b6d3e2e95fe7ca2f92738dd026358,2024-12-19 22:29:43,CREDIT,58600
72b35f7972eaaaa23298420fd8462b56,2024-12-19 01:10:09,CREDIT,61800
733f1b614a04c582c5b2b29dbb02b409,2024-12-19 19:43:04,CREDIT,78400
7346d2ab98b3ffc2a84e17bd5966a736,2024-12-19 09:31:38,DEBIT,43200
736e599c2ba98cab65b6f37435dece2a,2024-12-19 01:17:09,CREDIT,1400
7392f2f909799e0006953ea2d09a41ce,2024-12-19 11:58:16,CREDIT,86500
74755403e8bf66ed4df50dd2f91cdc3d,2024-12-19 22:52:46,DEBIT,33900
7568b69b34857d1138588bb62ee07cf9,2024-12-20 22:23:37,CREDIT,52900
75d85914725963ef436cb5d1957004a9,2024-12-19 08:12:31,CREDIT,49000
76cb008806ee1ec6ac24e0669b2feb77,2024-12-19 13:33:37,DEBIT,33800
76d48ddcf3c739ba2eecf0989b575be8,2024-12-19 02:57:56,DEBIT,63600
776723f90aacaea8f975e602ecf4f104,2024-12-20 00:08:20,DEBIT,75100
7769cc28a95c9c45058c95f772a5a9fd,2024-12-20 17:40:37,CREDIT,81000
77710ecaf60084f7cf4775f4149b90f2,2024-12-20 20:27:17,CREDIT,82700
778f4825f5bcb83547cdb3e4ec2af722,2024-12-20 03:48:30,CREDIT,80100
77b5c6c96892e36af65b82b541c6824e,2024-12-20 03:01:29,DEBIT,37300
77d6393b574cc77ba4ceeb816da1071b,2024-12-20 22:46:24,CREDIT,68700
780e19f57340cfd95779e57293d8b8d9,2024-12-20 17:38:50,DEBIT,67500
781c5d18d0788638702fcaa281165306,2024-12-20 05:23:36,CREDIT,21700
7827dbfb5f78ab15c30920fd987bee8e,2024-12-20 08:28:21,CREDIT,6300
7848756cf201aa2548e7a9916ee0c803,2024-12-20 12:55:45,DEBIT,76200
784ac813a801d3baf68d01eadfc9f139,2024-12-20 06:56:15,CREDIT,99200
78d0f90a6f3a7ad9773c9b5113821453,2024-12-20 12:00:42,CREDIT,81300
7905b4f4428f5cc261e1d0cd7a5aee5a,2024-12-20 09:45:59,CREDIT,12900
792c89dcce28c44fed096d9cb7060bf4,2024-12-19 07:46:50,DEBIT,88100
79b6367576318b301befa4606beccced,2024-12-19 05:22:24,CREDIT,4900
7a109e2a2a6c1ddacc107cdca5d252c8,2024-12-19 18:51:28,CREDIT,69900
7a12924f5139378e4ac376f318b80ed1,2024-12-20 02:12:57,CREDIT,35400
7a19cfc053e54f44449e6f72f7c316e2,2024-12-20 12:51:04,CREDIT,36900
7a1d636b2608f8265e512c0274512716,2024-12-19 11:10:30,CREDIT,41400
7a3355fbb2f1fb4558c24d2afd40f2ad,2024-12-19 18:30:21,DEBIT,29100
7a45649d8852bf63da1ff9b30bad67cd,2024-12-19 20:22:06,CREDIT,11100
7ab6c7bf0ac83ddfc2d6f8e64502ede0,2024-12-19 02:45:34,CREDIT,29300
7ab7266c523da10e71230f4548e11478,2024-12-19 12:01:36,CREDIT,44300
7abbcf1252fa15732b787f86150dcda1,2024-12-20 17:50:30,CREDIT,31900
7ac7164b52a7ca9d8a85c0997b6abcd5,2024-12-20 20:31:38,CREDIT,78100
7b20fb0ed5eefd1621bc577453477159,2024-12-19 17:55:49,DEBIT,98200
7b7667d7d827ffb1ca76b2c3745270c8,2024-12-20 03:42:36,DEBIT,66700
7bde656b7391e1f16b3d0f5baa520083,2024-12-20 09:25:28,CREDIT,43000
7c42e86fbfb1a5227361ec030e3755b0,2024-12-19 12:43:37,CREDIT,28900
7cd56288961a4e6e69cb990d8f82b8a3,2024-12-20 08:06:59,CREDIT,28100
7d34e3ee6da94b8aa7910d374efbcd42,2024-12-20 14:36:00,DEBIT,73000
7d69c76c389d53cace8027e00bd5c45f,2024-12-20 18:09:24,CREDIT,2400
7d94c4b003066efe182ccd699c6fc7dd,2024-12-19 02:54:19,CREDIT,11300
7deee9c2f9d7b27436cf990129693f30,2024-12-19 16:34:32,CREDIT,84200
7e3cfed2120734c0bbb056876e9b979c,2024-12-19 07:39:19,CREDIT,41400
7e401ff60dcdc78e0df7ccec7bbdce74,2024-12-19 19:52:50,DEBIT,10200
7f07b11229b1848fe638ab9d2e4ca508,2024-12-19 20:37:58,CREDIT,48800
7fa3efc476e53484519ebe1906db90c9,2024-12-19 11:58:21,CREDIT,81100
7fae5f19aa424325cc8c79b59b94bcdf,2024-12-20 02:25:40,CREDIT,61500
801649887a3841f98f0d50d6b511dd51,2024-12-19 23:36:51,DEBIT,57700
80bfcff1d70527a3ad89e70b34f3f5e0,2024-12-20 14:09:12,CREDIT,7200
80c6bfdadc448dc5d3859b248ad6c313,2024-12-19 05:00:11,CREDIT,41000
80f924f198b855aa3308733b17bfce6a,2024-12-19 00:29:01,CREDIT,8900
8105e7e1122572f3c10b81593fcfb082,2024-12-20 01:37:48,DEBIT,42500
8186595aa90abc7d5c5f95826d28f6c6,2024-12-19 20:52:49,DEBIT,18800
8191c36ea79a2996c38f6b58657529da,2024-12-19 01:55:57,DEBIT,81500
81d41a4371d34796c17d6d961091a3cd,2024-12-19 04:12:12,CREDIT,82900
81e7d9d0306c176abb965c7488df7589,2024-12-19 12:09:29,CREDIT,97000
81fa94dec1189492ef50b212bed3a45f,2024-12-19 08:57:10,CREDIT,84800
821518ab962acb34c89f5fd6da33de81,2024-12-19 05:30:48,DEBIT,8700
8298f047480a4cf706628571b8a82b7f,2024-12-19 19:50:45,CREDIT,96400
82b99300d40f32d9a4c2abd457407a3d,2024-12-19 03:53:16,DEBIT,33400
8374499c55f9192845ca75d0b14f81ca,2024-12-19 19:55:34,DEBIT,52700
838ca1e4e4dd505d11219574337d754c,2024-12-19 07:09:36,CREDIT,51500
83a96e7de96d60a61d32ab38a476a3c3,2024-12-20 16:01:28,CREDIT,23800
8402d9cc1566b7b9f5f9e8b7bf9634cf,2024-12-20 07:44:51,DEBIT,70300
84411232b99c1171869bad37789fa686,2024-12-20 12:37:28,CREDIT,87800
8456807270717ca56dd0f71148bafa89,2024-12-20 08:06:42,DEBIT,95300
848e54becfd3d3f38c56f90b636fd876,2024-12-20 14:35:43,CREDIT,60000
84b387c249dc12a10bc59232b5b5ff75,2024-12-19 14:35:13,DEBIT,82100
84d609ca7fd032f75c0658eb23e30b13,2024-12-20 09:22:57,CREDIT,52600
8603ee54908d47d269d60d66ccf4b934,2024-12-19 20:03:25,CREDIT,4100
865c1d33795e0b13c61394333438ef76,2024-12-19 21:01:43,CREDIT,70000
8695191b2394d599e2aba7888236754d,2024-12-19 18:56:11,DEBIT,54800
86a81f3901f35557cd981e00a7434e35,2024-12-20 12:43:10,CREDIT,99000
86b914db0ba0f2e2e77ad8eb7a69b227,2024-12-20 12:26:07,DEBIT,76900
86cadf696802b3780e5af0e34bb2894c,2024-12-19 11:13:16,CREDIT,93100
86cd83047047e20934f3ace3bd7590d2,2024-12-20 19:51:11,CREDIT,71100
86d5d110714f9b53e293c8b30410f007,2024-12-19 21:37:56,CREDIT,90900
86ed3acd342d5de991eea2ca2eda83da,2024-12-19 20:50:49,CREDIT,87700
87738aa87c8e3c7a50f7e7e5b62a3c2b,2024-12-20 10:13:28,DEBIT,84900
87ff31aeb7672d5c8e8871fd3d23cf92,2024-12-20 14:03:03,CREDIT,25100
8844f04ddcb7660a20e64e24f4343811,2024-12-20 21:28:31,CREDIT,90400
886cbc3cabe0b88a9ebb721a03d551f7,2024-12-19 08:17:19,CREDIT,4200
88e6298d62444d08f4528f980030a3b8,2024-12-19 15:01:51,CREDIT,25900
88fad4312fe80b6d6dfb846d0571b98c,2024-12-19 22:56:55,CREDIT,91400
892f5260e052cb85accdbd0bb95710e1,2024-12-20 01:19:33,CREDIT,31500
89479b7c9e8f942162cfd1214fc05ca0,2024-12-19 05:27:29,CREDIT,50500
8994ab4391c15827e177fc3799d897f0,2024-12-20 16:53:21,CREDIT,80900
89d2291f020218be60a88cfbb5d97d0b,2024-12-20 13:45:26,CREDIT,28100
89dbcb5cc61638feabdd103868049efe,2024-12-20 04:13:21,CREDIT,79300
89fb52fae801e1d80e001e5ec63baeed,2024-12-19 22:42:12,CREDIT,43000
8a0d2556a2ce7f32796cc44683998f45,2024-12-20 15:58:06,CREDIT,40200
8a308ba5d800d0ddf4e6a6067e3af29b,2024-12-19 12:25:02,CREDIT,98900
8abf5a04d685c5710d6d4393bb44b61e,2024-12-20 03:58:32,CREDIT,59600
8ac475609c5eef80cb8b376f2f9d3603,2024-12-20 18:00:27,CREDIT,1000
8b076b50e71cd7730971ef260ccbbe9b,2024-12-19 12:29:52,CREDIT,77700
8b1c383127629c24d706061658ea915f,2024-12-19 06:15:44,CREDIT,9600
8b34140cc5844e7e2790172d02830728,2024-12-19 18:38:58,DEBIT,13900
8b37545c080ad834549023bbfd450b3c,2024-12-20 13:13:50,CREDIT,60600
8b5773b2f1aaaf5813d1ffcc6e1e13bf,2024-12-19 15:30:12,CREDIT,33900
8bfb6cbd4e6448785e10b71dcf4870ba,2024-12-19 22:25:52,CREDIT,60800
8c19333c4b568b25e08ecf8a8b0cbc17,2024-12-19 22:18:33,CREDIT,86200
8c271f31850a7092b573e01991cf5056,2024-12-19 10:28:57,CREDIT,5800
8c84b8592ac0265955cd6f2b65e947d3,2024-12-20 23:10:52,DEBIT,65300
8cae8f15f652e288951fb83aa89e2518,2024-12-19 09:54:52,CREDIT,68400
8cc133333d14d9f71eb4e520ce877d32,2024-12-20 04:46:13,CREDIT,38700
8cec57a6d216067a6252d72f803cfa87,2024-12-20 07:46:28,CREDIT,13600
8d1782d071a3c6a1ff2b407eec77b06b,2024-12-20 06:09:56,CREDIT,1400
8d245bc39c7478b284d5977acbbd86d8,2024-12-20 09:16:44,CREDIT,58500
8d3a1785ce2933ad7f09d42026a7f2c8,2024-12-19 05:34:57,CREDIT,70600
8df5eb99d57225c74f30d92daee2dbff,2024-12-19 03:04:46,DEBIT,45600
8e6d7532de029f4568080ca09c4907de,2024-12-19 03:34:10,CREDIT,56200
8e6da29e3205b56656946de3ed0f5c0c,2024-12-20 02:02:11,DEBIT,52700
8e95fdbfc5a5c5523ee685936c9828de,2024-12-19 08:35:42,DEBIT,90300
8edddd7557173960e6f188f9a5cd3063,2024-12-20 22:16:35,DEBIT,71400
8eef76d482b289d1306dd19c7f2ffdb9,2024-12-20 04:50:59,CREDIT,73000
8ef5fb892c281e6c9fed5e46cf8ac003,2024-12-20 21:31:02,CREDIT,62800
8f2b262dd23aafdd29ad7a8dedb58358,2024-12-20 19:57:22,CREDIT,72400
8f7d75b4ef931afccd50897701a8c154,2024-12-20 10:54:55,CREDIT,24700
8fa0e647633ba28b3631b60af022cf23,2024-12-20 13:55:22,CREDIT,84900
907b26cb46b62194763e9675c70522bb,2024-12-20 09:31:49,CREDIT,9300
908a5de51bd4d05894e68cfcc18c1870,2024-12-19 21:13:27,CREDIT,48000
912cd2dff39c5fc83dcec9134c981b2d,2024-12-20 00:58:42,CREDIT,15100
9139975f71c2819f4825cc40ec77deff,2024-12-20 04:38:31,CREDIT,6000
92584533d4cb33fdad5457fa7cea48cc,2024-12-19 03:41:23,CREDIT,70300
927a268b3efd8bbc20d4f8f48ec5af20,2024-12-19 08:42:28,CREDIT,78700
92b5ab2087226584dce7e60922daf3f3,2024-12-20 08:58:19,CREDIT,35000
92da494771aad0dc7a0387cae15db04b,2024-12-20 01:39:38,DEBIT,32300
92f6389234618b0f13724c9919f0baf3,2024-12-19 10:41:46,CREDIT,49000
92f6a42dbb8a403c0b1a9a824f7a85e9,2024-12-19 01:45:05,DEBIT,31400
9324ac492c2fec9224aa1be61509cc07,2024-12-20 21:12:35,DEBIT,93100
935cacb79ba2d71608493a4df541381b,2024-12-20 14:02:11,DEBIT,47000
936faf563fd68dfe8d49dfc3e00d6e93,2024-12-20 18:09:56,DEBIT,81800
937d82048517312ab8bd2e5a37161e63,2024-12-19 07:59:18,DEBIT,60200
9441b9b207a55c90c988b52cf9207a98,2024-12-20 09:34:03,DEBIT,10800
946bcc9d50b558fcb8850191364fd00f,2024-12-19 19:40:04,CREDIT,81200
9488e07c001127705947d011d75aa23f,2024-12-19 17:19:51,CREDIT,84500
94b474a5cf5f800174eeefb8730a928d,2024-12-20 00:24:48,DEBIT,73000
94c40bf54bca3de4dc8959dc74ca57d6,2024-12-19 10:55:14,CREDIT,8800
9503f18356847d022f342dc8d60db9b5,2024-12-20 03:54:26,CREDIT,37000
952a247ee80d4184ba8aa9f605df8b5e,2024-12-20 16:36:02,CREDIT,12400
952cb69a64b45c91555359dc40d200bb,2024-12-20 09:39:52,CREDIT,81000
953662b93e6923c9f666d1ffd48d1d43,2024-12-20 05:19:25,CREDIT,80100
95511ac105e18e620cf777494d6224cc,2024-12-20 09:07:27,CREDIT,35700
957476290a5d0f4c14b2105bbcbd32c6,2024-12-19 02:25:02,CREDIT,49600
957b739d5857628cdb26ead9c2ec9a4f,2024-12-20 03:29:20,CREDIT,52400
962b9343fc5148b5e262503a80c8c34e,2024-12-19 01:04:50,CREDIT,21400
96534f2b8d2f779db5fbf465efbbb266,2024-12-19 08:38:01,DEBIT,74000
965fdbd3c697c83b525c3f76115c2412,2024-12-19 19:51:20,CREDIT,94100
969b50db544b5d9940d3631d19ceb877,2024-12-19 07:42:07,CREDIT,21000
96c40b228e1027b17e10195aabb55a23,2024-12-19 19:04:16,DEBIT,79600
972c2b87a99bf96bbff8cba492facc60,2024-12-19 13:17:00,CREDIT,33100
973354081391c7aef29c52a847c56532,2024-12-19 00:47:10,CREDIT,6000
974226c0b3edfcc64ab5ed1886d2fcc8,2024-12-20 03:10:47,CREDIT,55600
97933fecbadc8e40471fcfb91c741a6d,2024-12-19 18:05:54,CREDIT,29300
98b7f8d743a5a7c183cca0446cf74a31,2024-12-20 11:35:20,CREDIT,5800
98b9b619848e1c62ec5fa1d83bdb97da,2024-12-19 06:07:16,CREDIT,5900
98d697bb00b409234e0eebca743570f7,2024-12-19 05:19:25,DEBIT,58300
98e3d9200f53990c1805c721fe7b372d,2024-12-19 12:26:14,CREDIT,4000
98eabd4ac5b27d6a21f8dba6af9b7d71,2024-12-19 19:50:37,CREDIT,79300
98fde1449125d492450389490130e8de,2024-12-20 07:56:38,CREDIT,83700
992d8b99cefa8965e62e2f80e2ca6b21,2024-12-20 17:49:31,CREDIT,63400
9969cde75c4d982303fbb0abb8bed264,2024-12-20 18:59:59,CREDIT,34100
9a105a1d08e29dced4b3efe74a937647,2024-12-19 08:54:21,CREDIT,63300
9a3d251007acd4ed0c64edb749c06532,2024-12-20 09:05:22,DEBIT,52700
9ac188fe2e44620dd1199dc8005cf1f4,2024-12-19 11:31:23,CREDIT,23600
9adcf13b397b3cd1fe8857e284f35725,2024-12-20 00:52:19,DEBIT,50000
9b85d036fcbb9aa5d7b17b88d6687700,2024-12-20 01:47:40,CREDIT,26000
9bc0b125c56821a4477c423755d83c3a,2024-12-20 16:00:04,CREDIT,91600
9c3b91bfe75da493f99f7b5c0b894e14,2024-12-19 06:48:22,CREDIT,85900
9c5b1f3cf94bb8243874b85c4d515ccd,2024-12-20 05:08:58,DEBIT,91900
9d3b10f16aa7d873ee2f2119213e7f7a,2024-12-19 19:38:08,CREDIT,66600
9e2b895a584d13d79a77b229cef665d3,2024-12-19 11:05:30,DEBIT,94600
9e96870ad003ca85efa70c8be092ff9e,2024-12-19 08:58:39,CREDIT,9400
9ee4bce74cd87a93f3ea8acafed13dd2,2024-12-19 09:43:23,CREDIT,90700
9f705304dce3a254b0e58114594e8047,2024-12-20 03:53:46,CREDIT,89300
9fe9a241d508351018f3b70e4232ed4c,2024-12-19 10:20:03,DEBIT,76700
9ffcf8a508f5c51aa66b20a548fd464a,2024-12-20 12:59:26,DEBIT,21200
a00b3a7d7a4a8dc21ae4737a7ce26fb2,2024-12-19 17:56:25,CREDIT,94100
a01f3e73e9e7766aa37f180732509ca6,2024-12-19 17:37:51,CREDIT,84900
a07b1e1628236607b0cf5cea1e9476f9,2024-12-20 15:04:11,DEBIT,14100
a0bebb6bc3a5d0e31bc4610b8730eb42,2024-12-20 11:51:20,DEBIT,56900
a0e5449f0a2720c19b16030674e969c8,2024-12-20 15:48:29,DEBIT,60900
a1039a1ad692500205fc9ecf87533bc8,2024-12-20 22:38:19,CREDIT,81000
a17ae0d4980f66354def533c475179c4,2024-12-20 11:23:27,CREDIT,27400
a1baca26dae59ffb3d6ee194da819349,2024-12-20 04:54:50,CREDIT,20500
a1c9216cdb94d252d525a2e465249020,2024-12-19 05:51:53,CREDIT,7500
a228a9d046872c0ca98c042f27b8436d,2024-12-20 17:54:14,CREDIT,85400
a2b9466fe62b807fb78b1c3b6151a951,2024-12-19 03:06:09,CREDIT,92900
a2c61a9d1a4014d31afd60379f2bab80,2024-12-20 04:11:13,CREDIT,21100
a2ec3b51036a75e7c35b8685c8e37b98,2024-12-19 14:43:19,CREDIT,9000
a32feee0ae99e479ceb940ccfdcc540d,2024-12-19 21:05:56,CREDIT,89500
a332359d52b833e77cce12daf53ef048,2024-12-20 20:28:45,CREDIT,94700
a36eb7dd8ccb126d95b4a8578fae20f6,2024-12-20 08:04:19,CREDIT,11700
a3f6f13b72ccbc59ca9d4f9ad33a9004,2024-12-19 18:40:03,DEBIT,85500
a444c6006da01e855d5bc50f4ee31413,2024-12-20 07:18:53,DEBIT,48200
a4567882dd26672a0d01a0a3df64a6d3,2024-12-19 08:35:27,DEBIT,87600
a467bb6672804f75f66a3dd044846b58,2024-12-19 00:22:36,CREDIT,86700
a53247fcda4d60ae06a6c77939d83c90,2024-12-19 02:29:39,CREDIT,71300
a590064ee878cdd9b6c7a5f34969ccf9,2024-12-20 15:00:27,CREDIT,52700
a5ced2739e3ade1a6b9cae004f86b46b,2024-12-20 07:59:13,DEBIT,40600
a5e404f92e091e6bbeaf71e62bfc5b96,2024-12-19 02:38:51,DEBIT,81600
a6370821ebeb1a823dd992f4f21a6571,2024-12-20 00:16:30,DEBIT,63200
a66265af7a73e176495008973865a6bc,2024-12-20 12:36:38,CREDIT,71500
a73251a7606b451ae4748f2495c3e48f,2024-12-19 08:15:36,CREDIT,46900
a7ac38768feebe08d8ae2171889b7940,2024-12-20 00:10:14,CREDIT,85000
a7e5e1a6330a8d8d709bd885079f512d,2024-12-19 18:30:43,DEBIT,61100
a8ef6fd7e30687c7e6f692795fb8818f,2024-12-19 13:05:39,DEBIT,72400
a9192d39f0a9f94a35c40b209db19d20,2024-12-20 05:59:52,CREDIT,61100
a952a5ca9931c628b7f4d4499d390f18,2024-12-20 07:26:25,CREDIT,5700
a96a43c0fd6f0853feaff776ef8a9fab,2024-12-20 15:40:09,CREDIT,69000
a9b8e19854420070651609a53c196393,2024-12-20 19:02:28,DEBIT,9900
aaf9cadfdf3fe1b11b7ebd689dee55f0,2024-12-20 19:56:21,CREDIT,52400
ab0731d88d4515c257c80220d853a956,2024-12-20 13:27:13,CREDIT,11700
ab6da70ff685b52ddb8e0d31555a55fd,2024-12-20 07:10:10,CREDIT,11700
abc6b28c00dbbedf31239f94af8d9f68,2024-12-20 17:49:15,CREDIT,91900
ac7e1d88d0efca76be4fe2ab5bb78af7,2024-12-19 00:09:19,CREDIT,38600
ac816bdae2a0daa72d8573803eba97b1,2024-12-19 06:11:51,CREDIT,36200
aca5aed7dd88fb78d4566cb1726256a6,2024-12-19 14:10:32,CREDIT,40000
acdd88cf2e2146f39a94e16dcd9b95b8,2024-12-20 22:00:14,DEBIT,77900
ace17c800d8568116a231bde14c97ab1,2024-12-19 08:51:21,CREDIT,45500
ad12dc8faa8fd3eb396ad6a01ced7c16,2024-12-20 20:52:52,CREDIT,82200
ad3f23e80a6a4df490b9adbe0c41473d,2024-12-19 05:04:34,CREDIT,63100
ad481d3ad30452e3eea793e376738f63,2024-12-19 16:33:32,CREDIT,66800
ad73a57ebf8fcde9053812fb428db5d7,2024-12-19 04:42:59,DEBIT,84700
adc56cec578024b87875ad7e72d629da,2024-12-20 00:43:44,CREDIT,56600
ae0e176d42e3861cd3b402eb80a67cb3,2024-12-20 11:49:30,CREDIT,70000
ae77f98fa311bfa4387379e55a03b108,2024-12-19 15:16:51,CREDIT,57200
aec9d768b3c458848742637d6fb2e219,2024-12-19 10:38:49,CREDIT,95500
af503e00a9a97e2de2e7e3339a83d75f,2024-12-19 10:05:12,CREDIT,34900
af64cc22a9b8f109421aa9af8828c2f0,2024-12-20 19:50:01,CREDIT,15100
afe33f4c57cc668c83259ff877550df7,2024-12-19 09:25:42,CREDIT,63500
b025eeb2b831b32b19bd8ebae37d70d5,2024-12-19 23:52:51,DEBIT,55000
b05e89cdeb7860303e4fbcee35fd4e61,2024-12-20 02:30:58,DEBIT,62300
b08cc779957b7cdd342970dcb961c210,2024-12-19 08:32:54,CREDIT,54100
b094d78fd859225de7b0a6d07dcbb3ef,2024-12-20 21:46:01,CREDIT,77300
b096a68dfd554d9c1ae60ed7d8bc2cf7,2024-12-20 13:28:26,DEBIT,55300
b1007c52876b71374183d88def538a40,2024-12-20 01:53:36,CREDIT,63400
b12c27e85d6af601cdf1c15b4a372d7c,2024-12-19 10:23:20,CREDIT,61200
b19c13309240e6e4e2a784bb77baaa9a,2024-12-19 02:05:25,CREDIT,5800
b1efb60dd0e766144b276ea4ed9c0bef,2024-12-20 20:33:57,DEBIT,17900
b23d40f9cc1ccb96c9f70e473003971c,2024-12-19 17:56:58,CREDIT,53900
b2c80018ddb16fb040cf925090ae0b24,2024-12-20 00:50:16,DEBIT,4900
b2dfb9bcb51b8afe3930fc20be7f68b7,2024-12-20 00:25:02,CREDIT,90000
b339ade429ca933b652e60f1dcc39f13,2024-12-19 00:42:23,CREDIT,86800
b377fab263354d0d280afc7d0f73eb2d,2024-12-19 02:04:59,CREDIT,52100
b3c60b436a50816c2e8a37312b2ec35b,2024-12-20 23:22:41,CREDIT,33300
b3cd4053ced369122f9afa45b4cb8b1b,2024-12-20 20:37:34,CREDIT,24600
b3d9f318f9629d42d6d249a7dc688347,2024-12-19 18:23:13,DEBIT,13400
b3ef8686ac921dd1a62f9d09f44e2b87,2024-12-20 12:07:09,CREDIT,69300
b3f61a80f3dadc1def96ed1187f78772,2024-12-20 10:17:10,CREDIT,93700
b4487c881dced85dc0490366e998371a,2024-12-19 19:03:49,DEBIT,79900
b493c7ee35e270a7576302d22fde55f2,2024-12-20 23:25:41,CREDIT,88800
b52eb1a1c591d3ed16731822355b6019,2024-12-19 09:44:18,CREDIT,1800
b5345340cc717d445b53229467ab3984,2024-12-19 01:34:58,CREDIT,85100
b5adc96c1e7572569b7651c76dde6bd0,2024-12-19 15:55:58,CREDIT,51100
b6a39bcf4a9dae9abc2f5ef6b4043cbf,2024-12-20 01:25:51,DEBIT,99900
b708426deea05bc97689191fa79efded,2024-12-20 22:55:14,CREDIT,16300
b72ba1d4aeb4bf498a7943a0087f60e5,2024-12-20 02:01:10,CREDIT,52300
b74c5ca0cfe9c33b02e360264d0a423a,2024-12-19 16:20:01,CREDIT,69800
b75fa12f192619a41a624b91f471f534,2024-12-19 19:26:45,CREDIT,82200
b795e549bb122144811b512d5425fe4b,2024-12-19 19:35:00,CREDIT,77900
b7c9df734f6f6743b9832011f96aafde,2024-12-19 15:13:43,CREDIT,67100
b7f7dd0fd1f9342a43fc82db2d103324,2024-12-20 17:03:17,CREDIT,82800
b823f904f4f58463a25dd388f16696c4,2024-12-19 07:42:48,CREDIT,95700
b88e49dc030e2c81f72a083b4fbcc313,2024-12-19 16:07:40,CREDIT,45100
b8941a79de3c888bcd2b27c945edb45b,2024-12-19 02:17:32,CREDIT,66900
b8a2941998be0ae518d10902c3c09ed3,2024-12-19 23:41:47,DEBIT,86900
b8af241e717347423947b59cba869a3a,2024-12-19 12:27:19,CREDIT,23500
b8b6cd28e474073b968d0b7e411115fb,2024-12-20 07:49:27,DEBIT,64600
b8b913f73fd8a09370de298e7c2bcb4b,2024-12-19 14:44:34,CREDIT,30000
b9716c40ad7bd386d12f1ff1cc37f3fb,2024-12-20 00:22:37,DEBIT,71000
b9ccb0b910337127f4d42c1695f64ae1,2024-12-20 02:07:25,CREDIT,82900
ba4ddb5a6d7d2b57045b2490330122c1,2024-12-20 15:03:10,CREDIT,56500
ba60c00b261f8a386eed061d4177533e,2024-12-19 17:17:31,CREDIT,43100
baa81e173639150d82c2324d39b5ecd8,2024-12-19 21:41:34,CREDIT,64400
baa9b9e47ebb1579461740229dff2330,2024-12-19 06:47:06,CREDIT,85800
bb3318c98951c5625f9b55d07aa4c773,2024-12-20 10:07:52,CREDIT,18600
bb8b1ac6f9ef92edae2c7d5acf4df4ca,2024-12-20 06:59:05,CREDIT,45000
bba393299fd348fadb828ca0c17fc105,2024-12-19 09:39:14,CREDIT,94200
bc360195931f92b2e79e77ce2a28db40,2024-12-19 10:05:25,CREDIT,14600
bc984cd04220a692e9a7f85b7bbf22ad,2024-12-19 12:23:16,CREDIT,6300
bd5bb3b8b049a086afe47bfd9cce7533,2024-12-19 00:15:44,DEBIT,28200
bdb9fe49456240418eb468367b64b586,2024-12-19 13:34:48,CREDIT,50300
bdc37336b7464451a5894cf4f6be74f7,2024-12-20 13:36:49,CREDIT,89100
bdcd41adebe269ffe7bd8c67a947716b,2024-12-20 14:53:18,CREDIT,96700
bddd72201c2b11228fe92331cfd44cb8,2024-12-20 04:57:05,DEBIT,73300
bdf413da77f9cc962fab096f6ac3a23c,2024-12-20 09:16:47,DEBIT,91600
be1680185071cebd96c3bc28c469ea0b,2024-12-19 20:33:19,CREDIT,87100
bec3510be8ebd79f9b7c991f4a316986,2024-12-20 14:47:57,CREDIT,74400
bf012b08a9e466b3039481e5e9f69aee,2024-12-20 18:21:40,CREDIT,27500
bf3ac39b546acc307a3460d8ce671088,2024-12-19 02:03:43,CREDIT,58900
bf3f39cf1965adc766cea1093ce6f8c6,2024-12-19 03:55:47,DEBIT,69400
bf5b0cb7fc9e9d5edc9ace09e1355f76,2024-12-20 03:56:36,CREDIT,50800
bfb57176f7b57cc295e41cf8e9e5ba4f,2024-12-20 05:47:57,CREDIT,55400
c03c7d122620770a59f8e72486e672c9,2024-12-20 04:37:59,CREDIT,19100
c05f1c936eef0f74ed686f0604a5b433,2024-12-19 12:55:00,DEBIT,26400
c09b2069f5f66742e66ed770a8ea98f4,2024-12-19 19:55:47,CREDIT,15600
c09be97f62a57b11df424daf9cea8d81,2024-12-20 11:37:10,CREDIT,70900
c0c7a2b7b73fa7bb93973c311bd589f5,2024-12-20 18:52:36,DEBIT,51000
c0ff76ee895a2c3a2003bf4f1874b16b,2024-12-20 10:44:24,CREDIT,22900
c1db00e8cc600bb14730d615683239d0,2024-12-20 22:51:49,CREDIT,38300
c24f8e9a69b3e6c89fdb84dc562bf16a,2024-12-19 19:06:31,CREDIT,23200
c2b1b6a7ae94d275a3ba869637d44fcc,2024-12-19 22:53:43,CREDIT,38200
c2ca2b66360fb0ad8ba9644f7d8ee965,2024-12-19 03:00:13,CREDIT,66200
c363d5504dbbc431d363e7b35c26c999,2024-12-19 11:01:32,CREDIT,89700
c36fcb0c17ae755a62ff243c033a5505,2024-12-19 13:59:03,CREDIT,61100
c3ac095c0313752af58b5d14907c7ed9,2024-12-19 00:01:11,CREDIT,3000
c3bf6b7e375db5108f0557e87f08574d,2024-12-19 19:14:53,CREDIT,46500
c3c8fa6be1ee1bd8b08f2e2c2bfc24a0,2024-12-19 06:37:27,CREDIT,35900
c3e9b75a5eca1572d7b62f816e42ae24,2024-12-19 20:03:34,CREDIT,85900
c3ed44c5cd7f339eb5686439faf08af1,2024-12-19 11:40:11,DEBIT,29900
c41e52aa3ae5b25f17805e253962db11,2024-12-20 04:32:31,CREDIT,34800
c4cf876aca1b83ac2ac2596b6f472538,2024-12-20 23:38:17,CREDIT,14000
c4d3ece5781f5581802a5328c05babcc,2024-12-19 13:33:11,CREDIT,48300
c4de87be42c45db64bd868ba2343c28f,2024-12-19 06:30:03,DEBIT,37900
c54bec00a8c83a9f14eff3f927dbaaf9,2024-12-20 22:51:22,CREDIT,76700
c5ef55b53ee7c765b702643ee738d7ce,2024-12-19 05:46:28,CREDIT,47900
c7451bb6456ff9e2ad39cad524a3a867,2024-12-19 06:47:12,DEBIT,44800
c7554544e5768feb1b20c482550e3e89,2024-12-20 09:13:15,CREDIT,43200
c75e9cab31471c780b521405ec024c0b,2024-12-20 06:27:00,CREDIT,96600
c77b50c8e4447119728e8c9f84aa695d,2024-12-19 23:25:13,CREDIT,87000
c7e38a6281d177f791e6add5ca44dea4,2024-12-19 16:36:01,CREDIT,82900
c7f6d9c480882952cd6e1ad5250a72bb,2024-12-20 17:33:16,CREDIT,88100
c89facc58b61a2316a03d53f1c4e8321,2024-12-20 12:17:45,CREDIT,47000
c8f3a68318d84c6c26107016810fc79d,2024-12-19 20:35:49,DEBIT,77000
c9125ffb51970ceeca5bab9c4aab390e,2024-12-20 10:55:21,DEBIT,58200
c9588e9f32f6c77c6beb12f21b3a1728,2024-12-19 23:02:48,CREDIT,39300
c9a1dd1478a44cee06539859e2982adc,2024-12-20 07:41:34,CREDIT,84000
c9a9e1120ec027243e99976d693a299e,2024-12-19 04:29:56,CREDIT,57300
c9b5b58a4e9cdc609cd36f4c71cf27c1,2024-12-19 09:56:54,CREDIT,6500
c9de1e23bb265a573da576f2698b9ad7,2024-12-20 15:05:06,DEBIT,99800
ca1566aef77553a18b247adcbf84b92a,2024-12-19 01:55:46,CREDIT,16800
ca1ca1037be1ca4e9f303673618edf66,2024-12-19 16:18:13,CREDIT,74800
ca2f8d229dc0a33b375b6710c70aca2f,2024-12-19 22:55:20,CREDIT,26500
ca8e8d1e375d0c4759a36f6abbaf3aaf,2024-12-19 18:39:56,DEBIT,20700
caa5161a30c505ebfffb6c8b5a059dad,2024-12-19 01:30:42,CREDIT,39800
caa74ad0641e8a6f7d31c0c30d74c56f,2024-12-20 18:39:04,DEBIT,98500
cafba1487301fc88a3c7d565f4912932,2024-12-19 01:51:18,CREDIT,44400
cb4a3547b8a092d510482eef7426242c,2024-12-19 07:26:46,DEBIT,3600
cb60caed56b39c5eac2896862b2adb84,2024-12-20 07:06:23,DEBIT,12900
cbd279e991a06daf401a1474fef5dca8,2024-12-20 19:27:49,CREDIT,5100
cc4a6e3c70a0c15479626ad89ef602b1,2024-12-19 13:21:54,CREDIT,54100
ccd88e4557f14b40696b359de5bd2545,2024-12-20 23:29:56,DEBIT,9800
ccf9a0f592338ef9d00b6303947e6710,2024-12-19 17:30:44,DEBIT,27200
cd400003b48b56856d5fcfe0923d5f75,2024-12-19 03:06:48,CREDIT,92400
ce0fe6c8229cdbc0b8da46728b5fec8e,2024-12-19 01:08:19,DEBIT,51500
cf00ea811711e10203dca1518ddd995f,2024-12-20 14:46:02,CREDIT,9300
cf2a26d519dcd3ccd323fa6bc3a05e13,2024-12-20 22:27:09,CREDIT,46700
cf774223cab6a847ccc3de48cec12db5,2024-12-20 05:46:50,CREDIT,68800
d0575678adf10a16dcfc4806c47927eb,2024-12-20 00:27:43,CREDIT,28000
d0bcc8be9338de3874d56f110c27c5eb,2024-12-20 21:10:02,CREDIT,11000
d0c0ca78bbdb7b0a791944e1e099ebeb,2024-12-19 04:09:30,CREDIT,96400
d12fdce7aa7ec483958229bb61506094,2024-12-19 20:48:03,CREDIT,95300
d1fe71aeda3b9d9e231b39bddabc06d3,2024-12-19 00:25:26,DEBIT,45200
d215a16680ca82e4ee285827e68923ec,2024-12-20 21:10:51,CREDIT,1700
d27128db04d93347b2a28434062c4070,2024-12-20 22:22:20,CREDIT,3400
d27767bee5445387596547c56a639047,2024-12-19 03:34:39,DEBIT,79000
d2cb42b5e60aeecd2cd8eb1680eb7a3f,2024-12-20 09:43:00,CREDIT,63700
d34bc403f8af7ed76c399d895eaaf72c,2024-12-20 20:46:25,CREDIT,64900
d394e723745f0b0ad1a16e82d6c1681a,2024-12-20 04:38:36,DEBIT,32700
d3ee8ada94c6538efeee45c2daf73f99,2024-12-19 11:16:09,CREDIT,66200
d40476c174b8ae179a078139c59bf376,2024-12-19 20:26:12,CREDIT,19500
d42ab5329b58af48fddc76b208d03d8a,2024-12-20 00:12:27,CREDIT,3900
d4629a7d7298d6eaf928edc7fe0e3412,2024-12-19 08:14:15,CREDIT,99600
d4a18aff4a812013aad286fc2dafd717,2024-12-19 06:45:43,CREDIT,84200
d4bc47e4a78eef41baa03126eb6ab9eb,2024-12-20 02:26:18,CREDIT,41300
d4c6b73f48cb70b8b777ef69ee7d439a,2024-12-19 15:23:07,CREDIT,81500
d5281f327d096b6728bdb133ba4de7ba,2024-12-20 05:25:48,CREDIT,35000
d558a41667433a4d380ca41174a973ce,2024-12-19 18:58:24,CREDIT,27300
d568a22cfef52f92c4bc6a0798d5782b,2024-12-19 02:45:37,CREDIT,79600
d5d3999bba09927b53fda7c53843747c,2024-12-19 18:52:06,CREDIT,68200
d5d9d720d11f11b75f127c7f12fe1126,2024-12-20 01:35:20,CREDIT,33100
d6091049d5b500e00b73c686bf871891,2024-12-20 17:30:02,CREDIT,89700
d612791aac5ad3dd23fb7179da88455d,2024-12-19 16:31:21,CREDIT,27600
d61a5b6a55e4ccacea813faa4fd1a9f2,2024-12-19 13:37:51,DEBIT,4500
d655698d2408c432524d2fcf252e44af,2024-12-20 04:26:34,CREDIT,26600
d65d574967c708f74a804b8189047ed5,2024-12-20 16:48:48,DEBIT,51400
d67011ab0f9c896e639e194227d527a7,2024-12-19 09:09:25,CREDIT,82000
d6918e34605ff9dbb2dc5512e7bf321a,2024-12-19 00:37:31,CREDIT,54900
d6a83d681fcc4837e6871d79f996da96,2024-12-20 20:58:09,CREDIT,54300
d6b8dd76f1c4c7c94c8fdaf1500df652,2024-12-20 05:00:16,DEBIT,90800
d6b9fb6e56ebd58047fa0df08f44b830,2024-12-20 08:36:32,CREDIT,97900
d761790347db1438d11b1680da20edb4,2024-12-19 02:53:02,DEBIT,67100
d7e5a0e5e286c107f63821c5022bbfad,2024-12-19 10:53:31,CREDIT,11800
d83b47b2f823bee046ef2a594a3f31ec,2024-12-20 02:16:43,CREDIT,35800
d843b0beb7c350ae55a71fbeb90f378c,2024-12-19 14:56:40,CREDIT,9100
d871cdb5d0972addf97df13fb94ddb16,2024-12-20 00:20:59,CREDIT,62500
d897120a2add29f8b62ed51cb0121d66,2024-12-19 02:30:20,CREDIT,69900
d8bcde5a942e4ceff588625037808bb0,2024-12-20 06:35:30,DEBIT,24500
d90840b9e90f719f29b6fea2a24d6448,2024-12-19 22:39:43,CREDIT,18500
d95716e5fef71a62fd5477e44e227d3f,2024-12-20 20:20:42,CREDIT,46800
d98fe8703292b744e80643148f7bff0d,2024-12-19 06:06:41,CREDIT,42800
d9a8ae1fee1bf5ae537c36d95ebb9d4b,2024-12-20 05:13:53,DEBIT,51200
d9fd1b5be0ddfdd782571bac167d44ec,2024-12-20 11:24:43,CREDIT,97400
da615302d8a7e91b4383863577fe11ea,2024-12-19 09:28:57,CREDIT,50100
dadcb00a580186603e9d593f1c03caa7,2024-12-19 21:48:29,DEBIT,39800
db024f38a021daa0da777668b64b7745,2024-12-19 12:25:41,CREDIT,25400
db3be21a86e7bc540640377ffb44ddbb,2024-12-19 17:29:18,DEBIT,32700
db4d8d860ebccdfc281b9d98175560bd,2024-12-19 04:39:11,CREDIT,27300
dbc1d4fce35a2933e3c84993d8e12f10,2024-12-19 21:41:38,CREDIT,58000
dc7c2a46ac9800d100c3fe93dba8ea17,2024-12-20 22:20:40,CREDIT,45100
dc9a0e1307f30c3134e76120e68f20ec,2024-12-19 02:50:11,CREDIT,33300
dcab1e8a2a435eace9084cb17b3fbb45,2024-12-20 20:03:18,CREDIT,60300
dd2c88af1a28de40cd916ce3fd527813,2024-12-19 14:49:34,CREDIT,16200
dd48c230a2100d8d00cb025aa4d51e7a,2024-12-19 19:50:36,DEBIT,13100
ddb57b32cefd036eb35fcad0b3be2d91,2024-12-20 17:54:50,CREDIT,80200
ddcd6041fbd425b2fa3839944aee5145,2024-12-19 13:32:34,DEBIT,25700
de9fc1d22686b323e0cfbfda9ec38e02,2024-12-20 01:39:26,CREDIT,80900
defb951f88444a0ae5ec1a51a7aeeae5,2024-12-19 23:36:13,CREDIT,45300
df138d928fd79927d9d788d7688d6a60,2024-12-19 07:37:36,DEBIT,63400
dfca65b14979e0672cb0b29cd3541584,2024-12-19 04:18:59,DEBIT,45900
e03364786ee969a9cbedbe9e774eb366,2024-12-20 02:43:08,DEBIT,95500
e060c2c398711d399325bc884b047b50,2024-12-20 17:57:08,CREDIT,57700
e099bdce45e0f2d0b81dd9b2caba8291,2024-12-19 17:28:28,DEBIT,47400
e119d9d5f5fd5b6529dda64fc719dc24,2024-12-19 17:54:56,CREDIT,62600
e11e9eef7703a06eede9b2a5c644b2ed,2024-12-19 22:07:42,CREDIT,17900
e121c32201966a2f29435d5bf5654ac9,2024-12-20 16:39:22,DEBIT,5900
e129d7cc39c1fcf2f9056da3375c3f35,2024-12-19 02:20:43,CREDIT,75200
e14bd55cce949c37719d48c9788de2bd,2024-12-19 02:14:36,CREDIT,65200
e1562e793339b2ed17d64f19cfc983e3,2024-12-20 05:59:54,DEBIT,65700
e18071054aede49637f4611c9f032a1c,2024-12-20 17:32:17,CREDIT,99500
e1c389c2c8786358e99fb683c5f47fba,2024-12-20 17:45:41,CREDIT,67200
e1d4a1355b14f74b295bca98a5ff119c,2024-12-19 22:26:11,CREDIT,23500
e1e5ec51a9abf7430365575b62c90bce,2024-12-19 02:28:20,CREDIT,91900
e308b96ea3627d16abfbd6e3c2dcf8dd,2024-12-20 14:06:47,DEBIT,41100
e3c16b4cf249a0fd3e03599c6437ffe3,2024-12-20 15:59:28,CREDIT,99200
e3ca069f6624e0c676700b99d6a1875b,2024-12-19 13:32:08,CREDIT,93700
e3cfba9f5a8de84a161db3877b112319,2024-12-19 12:38:21,DEBIT,43400
e44441793fb28a19d3260976cfbba1c5,2024-12-19 09:00:36,CREDIT,45000
e4732ebeecde3a2b516a95c090993ae2,2024-12-19 22:54:56,CREDIT,95800
e4b0e315eec05fa4a5d8187256aff223,2024-12-20 03:37:13,CREDIT,6300
e4ccc83e80369330fc39985868f7ef9b,2024-12-19 00:24:54,CREDIT,96200
e51bcb16900678913576f6445d8aadf1,2024-12-20 15:42:59,CREDIT,5300
e556b6aae4c8e5c6b088729e12fbb327,2024-12-20 16:27:33,CREDIT,42900
e58498508d974129da6da0102c38d8bd,2024-12-20 08:02:35,CREDIT,94600
e5b2589eb6fe1d121b662ea8495a1429,2024-12-20 09:28:49,CREDIT,51800
e5c4f9d48707ff5c7e8ba72e4da3609a,2024-12-19 02:00:43,CREDIT,42300
e5c5dadaff7fa9164f79f465466b758d,2024-12-19 06:29:27,CREDIT,5800
e62374091260306400cfce6a8b701026,2024-12-20 02:20:46,CREDIT,34900
e6623bf793968ade30eb01c95a6b34a3,2024-12-19 08:52:28,CREDIT,45400
e69f876b20c3596bb815f1ffe46bb1ad,2024-12-19 08:17:46,CREDIT,40300
e6ba928e229ad2b94864424216a9c7fb,2024-12-20 19:33:53,CREDIT,62100
e6ddb9f2ca70b193940aec7a76cee1d3,2024-12-19 20:41:35,CREDIT,31400
e712f24e160459f4f232c5d8866729fb,2024-12-20 07:48:52,DEBIT,82200
e73e4dcf2cd6a4709037f32f9e6eaf67,2024-12-20 06:39:48,CREDIT,56900
e741df1e184d007a92eacd221f49a4ff,2024-12-19 12:55:18,CREDIT,79100
e7d9a0af6b607a47d78cc4d1dfb8047b,2024-12-20 02:53:31,CREDIT,49400
e856ad8b0189051a453ec7eb60b4726e,2024-12-19 06:58:27,CREDIT,15900
e8c6363dc4ef8c33d83983b0e5ccff64,2024-12-19 11:26:59,CREDIT,15600
e9c63e807db7847bb3f6516e2b930093,2024-12-20 08:54:01,DEBIT,18500
ea9ececf1f1a4db78ba42289b7ee6ded,2024-12-20 10:50:41,DEBIT,44200
eac1cc55317877d7add00a663dd9ec08,2024-12-20 19:52:33,DEBIT,64700
eac9cb9a453c6668b614073be652fbfb,2024-12-20 06:01:38,CREDIT,67200
ead0a8e2b57f651ac180b553a7a9e406,2024-12-20 17:15:04,DEBIT,19200
eae10f7f033dc5267e3f1c71e64c94cc,2024-12-20 23:15:55,CREDIT,10600
eb0e62461a9ff65445fc4f1e1385a7fd,2024-12-19 23:00:24,CREDIT,28700
eb8706d819807d8df137f436608a2c64,2024-12-19 22:08:40,DEBIT,56300
eb94c4a96fec7749340fe44817eba41a,2024-12-19 00:56:54,CREDIT,97000
ebc0a8525b2217f490de12ca613d5171,2024-12-20 19:05:31,CREDIT,23000
ec0fb78dc16eb44f9586d894db3eaaf1,2024-12-19 12:14:45,DEBIT,35800
ec4f75c8e4b56ce8ea01ef22d23b6af4,2024-12-19 11:04:33,CREDIT,38000
ecc48f94911a860a42b80454dd92fc7f,2024-12-20 14:07:10,CREDIT,61600
ed6df8e603db130a06adb4c2d34ad55c,2024-12-20 09:33:53,DEBIT,96200
edb6d677f0e19baad8175abc191100ec,2024-12-19 03:11:56,CREDIT,6100
edf25f4dc1f92032470bcb793006da44,2024-12-19 13:58:10,CREDIT,12700
ee3a2f7e0017af00d874a15f19447e30,2024-12-20 02:25:36,CREDIT,79100
ee3a59dc14087c38c4a7fc5e71fabb32,2024-12-19 11:01:02,DEBIT,54300
ee409b4d50cc0485f3d11dace31f7063,2024-12-20 03:02:05,CREDIT,46000
eea6f2784a2454487cc18e29547cee6f,2024-12-20 07:55:11,CREDIT,72500
eecf4b5bb7123d7485fff1a2e057c3c9,2024-12-19 17:07:00,DEBIT,36500
eef22141c4ddeb4f644b30f71f5be035,2024-12-19 08:50:37,CREDIT,11700
ef0d4c8ff49aeb2f6720af7e988e3399,2024-12-19 02:52:01,CREDIT,4400
ef24858b4ffed2dac8e270b3e4ff1a61,2024-12-19 16:29:40,CREDIT,67100
eff82b4b6ad8898c9eaebc382fd88dcd,2024-12-20 15:27:46,CREDIT,65200
f0489f4d2906c76ee3626cd6392bace0,2024-12-19 14:10:05,CREDIT,57600
f0e485efa265f826af1fa2b6723b4a17,2024-12-19 12:36:40,CREDIT,54800
f1504d59f3c76a46d9691c8c06e15463,2024-12-19 03:42:16,DEBIT,15400
f16105c439587b110651410880a3bb09,2024-12-20 16:08:15,CREDIT,27000
f18a5871f3d264a105e2f9649136cfae,2024-12-20 11:39:26,DEBIT,41200
f19f7136518c13e0348ffa9251be63b7,2024-12-20 07:22:21,CREDIT,77600
f1ab6a1984bb2393eed1858a645cee54,2024-12-20 18:50:04,CREDIT,81100
f1eea3818f09830652c4329bea3a9a57,2024-12-20 17:44:19,CREDIT,18800
f1f1f38bfdc99cb26d32c6d6e2e976f9,2024-12-19 00:21:15,DEBIT,60600
f225d975ba28473870da1165ae8d5b92,2024-12-19 20:58:29,CREDIT,35300
f2e935aff84466dce79f4ff206bf95d2,2024-12-20 05:29:21,CREDIT,86700
f33ac3769cc2c902038e128c14dc50da,2024-12-20 01:27:43,CREDIT,26300
f3859f6dca732be695264ad57f46ff45,2024-12-19 12:22:51,CREDIT,39600
f3bb0a0eac7f9e56fb637930a9a8087e,2024-12-19 06:16:11,CREDIT,81000
f3f1b8a4bd8a2b915ad50ef446864e57,2024-12-20 15:08:33,CREDIT,24500
f4839899fcd59adfa8e2af754215daca,2024-12-19 10:52:14,CREDIT,95200
f499467a6ecf3ba94d24f21aac130cae,2024-12-19 15:09:17,DEBIT,50200
f4ca6afff235f362380e528c55ae7deb,2024-12-20 11:30:51,DEBIT,7500
f4ecfa31a8540a8c795e024e7c5e1ae6,2024-12-19 19:57:29,DEBIT,79900
f4f377d0e97e26462c0a0710e04bf817,2024-12-20 17:53:07,CREDIT,66500
f5032d41f7ad91e805331cb3c66a0fa5,2024-12-19 23:54:18,CREDIT,22500
f546ae2729b59a76ecedcf5835ba8a03,2024-12-20 00:41:11,DEBIT,28900
f5b70ed0f435cd5975766dcd5e6cbfb5,2024-12-20 19:40:53,DEBIT,88700
f5c3c0575c508a13211acfc8592cab8e,2024-12-20 08:57:01,DEBIT,46600
f5ee0c9f3c3375c6a023a4a3cc1893e1,2024-12-20 20:07:56,CREDIT,94500
f63898b64b7690481ac7b34a4e3ba9ce,2024-12-19 15:48:36,CREDIT,5000
f667f22fdeff2d9596577c776c657edb,2024-12-19 04:55:42,DEBIT,61400
f66ce1798d7602dea81701797484b6fb,2024-12-20 09:16:37,CREDIT,82700
f795a7ca41f25251f3041da6c1979ff9,2024-12-20 20:43:37,DEBIT,2300
f8127e4399d4703c3e60f31e56c3aaa0,2024-12-20 17:49:41,CREDIT,27100
f8495b61f65b70a7e450fc353b300fc3,2024-12-20 03:24:02,CREDIT,85500
f8f03885d40bc25caca74dfa838a976a,2024-12-19 10:52:23,CREDIT,69700
f923e8d7646a4d279b244f0cdc465444,2024-12-19 07:39:05,CREDIT,30100
f9253ba9980ec50284d27a14b9c0bb76,2024-12-20 00:08:28,CREDIT,84600
f9594f7e42e62beb9ecf02d22ddeb286,2024-12-20 03:17:04,CREDIT,11600
f965186bad2e3d14d844f6a79eedc273,2024-12-20 08:12:08,CREDIT,25100
f9988b0f1bcff6000359f16021c107d2,2024-12-20 14:19:57,CREDIT,24200
f9b55d41cfea3577f716864f42962519,2024-12-19 07:25:53,CREDIT,11100
f9bec73a302d7641d561a9a72a0866b5,2024-12-20 11:22:55,CREDIT,99600
f9d4afd3c4a8471d978e7fbce6342f87,2024-12-20 07:43:41,DEBIT,70900
fa1f935cf8e48cdcee9849dff5651814,2024-12-19 02:31:51,CREDIT,88700
fa2368185359092e9e27c5baa0dd1127,2024-12-20 01:06:54,CREDIT,46700
fab75dcf0a9a55c3cefa7cebb19aa2a1,2024-12-20 04:58:16,CREDIT,7400
faccb6a5aa36c88eaff47c3ac65517d4,2024-12-19 04:20:23,DEBIT,10000
fb0f82804767a0e53a0923e7fa517f93,2024-12-20 15:39:48,CREDIT,11000
fb2b69137c36473991f5b89d85f4dda3,2024-12-20 20:19:05,CREDIT,93200
fbdf0b66735e4c4b5e33aeb78928c8d7,2024-12-19 14:34:26,CREDIT,14700
fbe296ac70758fb23d32cfca0aa44a18,2024-12-20 22:18:18,CREDIT,26000
fc21d182cf7e0a46ae5cc9a72829e9f5,2024-12-20 22:19:18,CREDIT,51200
fc692ef15d9ca211361bd641945f6c9f,2024-12-20 21:09:56,CREDIT,59600
fc6fa73966667e54f26766cc62df4ab9,2024-12-20 23:47:02,CREDIT,72100
fc9d4a031c024e9ddcff32a128971090,2024-12-20 13:23:42,CREDIT,4300
fce3d6c69394d96c2faa771b345644fa,2024-12-20 20:39:38,DEBIT,36300
fd54c8d920efa8a7eea7566c7dd7506d,2024-12-20 23:50:14,DEBIT,31700
fd6b57bf4a323672dae5f77dd9c99bca,2024-12-19 08:54:27,CREDIT,78900
fde368433952d3046281bbf3f88944fb,2024-12-19 05:44:18,CREDIT,76500
fe1da06fa21df4aa3ccd3636f1648703,2024-12-20 23:35:12,CREDIT,43200
fe1f495da1bd9ade7f498932610aab78,2024-12-19 11:03:45,DEBIT,89000
fe247bf1aa4d29c0f8e6da1a5cb878e5,2024-12-20 11:29:46,CREDIT,51900
ff2f95c390ac49ec6423bf0b756f3cc3,2024-12-20 11:55:26,CREDIT,80600
ff58a7633ac9cb92bc12e5aefc2a0265,2024-12-19 09:18:58,DEBIT,59900
ff6fc87823b8e6cfd3610a2dfe33688b,2024-12-19 05:19:56,CREDIT,65600
ff8747406081eb92eccc4171c23e9bd3,2024-12-19 13:23:18,DEBIT,39500
ff908a0c6e8595ee0970e2590c41d730,2024-12-19 06:02:11,CREDIT,90200
ff9b48c727323ff937c071c5855d22ba,2024-12-20 22:53:08,CREDIT,4800
fffa9060ed8ec9f4dd472b97d02e4444,2024-12-20 01:34:54,CREDIT,35300
