UniqueIdentifier,Date,Amount
bri-4aef0ba36271bfe4d7c7eb4abf301e31,2024-08-30,88500
bri-9cd03cd8286b23cd3aa905544a8ae845,2024-10-13,15300
bri-53593542b21a5ef96e503d1b0dfc2836,2024-11-10,26700
bri-64385c0960beaeb53d5b9c1175c2b3ed,2024-09-04,26200
bri-6ebf31ea2a2b3a351fe92c9132b6d77d,2024-10-05,-78900
bri-1c0e6540543fc32e0fabaa139d94729f,2024-09-26,-13400
bri-90d59b0d87cc08dc6cc4e019d13834fe,2024-10-02,12200
bri-a5c87aa2986b73d42bd71e477be4c5f6,2024-09-18,49400
bri-b3cc7d2f6dfa4237880f4e7f6daf3fd0,2024-10-04,27500
bri-f79c65016297cdc124248421bc15fde2,2024-11-15,-92700
bri-1e24efbf9fc9a55ccf638ef9a0ce7819,2024-11-29,-38600
bri-42056093f14c50b0794cc5cbd1c77c73,2024-09-04,22600
bri-05895ce93186cf1984ade137a12b59ac,2024-09-15,73400
bri-1a7a45af1219014da0f962f15cf6fddd,2024-09-18,67500
bri-5a7ed366d508cce643942604e4542c7c,2024-08-24,41100
bri-b3ecbdf4919e7ba5bbedb93a980e8db2,2024-11-29,11200
bri-36725ef666b9611e2339c31e34cccfa6,2024-12-06,-47000
bri-a005cfed16f73648820dd386480b289d,2024-12-11,-96700
bri-a0f833a8395b8c247fc51f3b007bca00,2024-12-10,36400
bri-9811979ac8d25555f715bd7ee058330b,2024-09-12,59800
bri-f63bef663256d1de7226b733fafe34a7,2024-10-01,59100
bri-25bf9d0e4bd92e8b946cedbbc9ca5c2e,2024-09-27,33400
bri-eb45bde21e72d2bef448de831b058715,2024-08-20,56000
bri-b6c8dd0d214132e929fa8b673c3d785d,2024-09-07,63400
bri-d00d5dc936b2c146f38b5ddde00194de,2024-11-24,24300
bri-46bb9a0d019a28e5a5a04eda7a3765b7,2024-09-27,32800
bri-406fbbb87b22dfb5366e0fdd501cc760,2024-12-12,43600
bri-2d0dc791c7017743faa464cb51885e08,2024-11-15,85200
bri-2f40eae0a83780b6ae3715e757e84f53,2024-12-10,84300
bri-7375064a641f618dffcb81e62bcce404,2024-12-05,58700
bri-936cbae95e7d87b63b94ae04af3b3256,2024-08-31,71300
bri-2d30790f119a2738c7aa4bbfc2ada74a,2024-09-11,-50800
bri-873f3b0c70b4485c0ebc3065c81edd83,2024-09-26,40500
bri-d4aabd5e8afcc66172a0aa1cf25bd821,2024-08-28,53200
bri-5d977de2c800f6c13f4a2cdf09781d48,2024-11-14,-39000
bri-00e7c557be31a849db35c6bd0499f0dd,2024-10-04,53900
bri-49ebb943cc0ea83cf2c2725559fba423,2024-11-02,86000
bri-7390899ecd6ebf1b603af4c95458f55f,2024-10-15,93400
bri-6f946c635eec2d005dc8e6e02c970822,2024-08-27,97200
bri-a2914889e316d8a03762109783abeb34,2024-09-07,90700
bri-1be11ce0935d318adaef165d8c92079d,2024-08-26,76200
bri-8b3d0e6eec32cff7b1586dd62e53764f,2024-10-22,89100
bri-4e90cfcf77d1f1cde71ef2693568883a,2024-10-22,-1300
bri-67a1757821d34ce833d41fefb6c3d827,2024-10-21,-96500
bri-3a9de6f5dc6232c9085633f9e46c5641,2024-09-07,22800
bri-1b76b538b51f99d96efb0129ccda702c,2024-08-20,14300
bri-d17bf505c462b8c3f663c95cf97e6fae,2024-10-27,16000
bri-4efcb79903bad25783d4e8dc26981b53,2024-08-16,93700
bri-f5080a97094b3cf998e20220e7959c4a,2024-10-15,54900
bri-85193dcd7a840738508e0d1fe9ed7b95,2024-10-12,-43600
bri-0411cfbc83df018831f313e2d47b033c,2024-09-18,9000
bri-9b45546b87ec0c44126e39a038d85724,2024-11-13,-45200
bri-9f215e13f8528a476513c86f8608ec1e,2024-11-02,-30100
bri-8af3184c56f01c5a986d8f7c8f0e8ac1,2024-10-01,28700
bri-5db35cd756bc797516ba505164f4c7f8,2024-08-17,99900
bri-5974f1ca2b7518ea6dc81c2929ae60d6,2024-08-17,-2900
bri-f49d73e64d8145fa4fee843c7cc66c20,2024-12-01,-87600
bri-cfc1a01d40a5edd652cc449069570150,2024-10-19,7200
bri-8c64f7568ff2036e28e138bf3862c76b,2024-11-19,56200
bri-da83b5488af6b208a5d8b82494bd8288,2024-10-19,89900
bri-2c11a04925a9892550155e5eaf33e9b9,2024-09-25,98900
bri-7383c650ad986ea37519868351f7359a,2024-12-02,58700
bri-4777bf7d807dd536f880a1b732105577,2024-10-19,8900
bri-f5e6ab3a19834fd1a828bd3902329296,2024-09-30,34200
bri-deb7756cf8d13a9e786a4aedef581a5d,2024-10-08,59000
bri-8b2542b64d33ee70337e6bb9edf40295,2024-10-26,94800
bri-508f019b8228cbafaf68ceb2857c353e,2024-11-01,41700
bri-1d2c94a2653f75a939b955370bf3f959,2024-09-02,22900
bri-29c11a4356888f59b8deff9b8d1f950e,2024-09-23,73000
bri-d715b53e2aab4b3c10da5fb59d5bcc49,2024-09-28,65300
bri-8a91bc541da95bd1f1ed356b3dc05811,2024-11-24,48600
bri-057c6de3d64f044d2a83dae4af7d2493,2024-10-21,78500
bri-0560bd6e2c0e0bca96539ba4fb26eaf2,2024-09-16,60700
bri-18ac2e9df37046c061575ecac36922f1,2024-09-25,38600
bri-980f6ee12c73b9a3a6d85968d3e84500,2024-08-25,-64500
bri-04dd5ec624ff46a2d1576a79a361e9d0,2024-10-21,39600
bri-dd2d48a558922bcb802c4ad96fe25cc5,2024-12-05,77700
bri-f320ec14b18e944807346497e9c8ab82,2024-11-14,95000
bri-ad5a40c0390667cca0380e8b6a4c707b,2024-10-22,69600
bri-782c610d774d151b842cf3e40815f179,2024-11-17,49200
bri-af3393c774d10b0f4b2eeb931b6dd6ad,2024-11-19,15200
bri-7d9dfc0b95457ac0ad818d9d00edb583,2024-11-08,88800
bri-8f1d583ae108d1e38783648114e9bf7c,2024-11-17,41000
bri-c3bfacb044a93ff0e21edbca76647f86,2024-09-27,-99000
bri-5ec7f62f8fa635597e878dfff5db11c9,2024-10-03,25000
bri-33457625c10e77ef75e180ea177055eb,2024-10-13,28600
bri-49c121de3fbb1e904f0945ec8b164e9b,2024-08-19,36000
bri-4321015c3b69a8f929adbd4e81c9e46f,2024-11-27,33700
bri-3559104cc088e84fa9b0fc9922bf2e4b,2024-09-07,-93300
bri-ee6d0511aac609f0a9889fdb5f959150,2024-12-08,99800
bri-32b1c18a84a55d8c5932aaf4ce31240f,2024-10-02,21400
bri-4bfc96a8b56ca29fb896e7f82cf7a2aa,2024-09-01,28300
bri-ecb268bbcc88835275987619d06e539d,2024-09-05,-42700
bri-a3db7a471ab1dd4b30864d0f445dbabe,2024-12-05,22100
bri-9d38c6721b54a59176f430fa8a33c526,2024-10-14,50700
bri-c8a76feea34d3860535e5b05f1273627,2024-09-06,40100
bri-407397fca839640367bbb478801cc4d9,2024-11-10,80400
bri-436012c41f7e1d5950e63d4b0c0f3398,2024-10-07,31200
bri-94e3895ce243976887c4f583ef3da512,2024-10-03,18100
bri-86da99bc9100a484416aac8f11243654,2024-08-19,-64400
bri-44a2ac45e94dbb229f8551cf23eef2a5,2024-12-07,53600
bri-3ed7c755996fdaa100d0ef16bd30f8ec,2024-10-22,99800
bri-92c082077b35f1a1ef0e72c7c31d1b5b,2024-11-26,-34400
bri-e65ae2356908ab72bec406753d3932b8,2024-11-21,14800
bri-3f0cf27622806d940058504ff7ec565d,2024-10-22,-89400
bri-19fe7830379dec375b1c8c19c20cf1d5,2024-10-08,37500
bri-056931aff39dfee1676313fc124f77e3,2024-11-08,88300
bri-96726d6be25b2023bd7732f17c922830,2024-09-25,-96900
bri-b44e1be10fe29b068b9addee07082333,2024-10-29,12700
bri-5b37ab1aea74d240985b69ca8441038b,2024-08-22,-40300
bri-39f5d548909915688cedd1d7bb2072b6,2024-11-23,43400
bri-b80178a914585994c64020ea32364b49,2024-10-23,92000
bri-9323024eefb2ff0a4b052405014d7f62,2024-10-12,74900
bri-2fdf355b4c7dd1d602dfd9da1abdf82c,2024-11-06,50600
bri-33a2de7f919bea97af5037945498e96f,2024-08-23,78000
bri-5df57a595622762213af995ea57347a1,2024-08-25,9000
bri-a7abb9d3ef91c294ee630ab146a5c5f7,2024-10-20,15800
bri-0930fd074360eafb061eae1ec6361d15,2024-12-12,72100
bri-5c472c26a9d7cd55ebcaf4c2fe9dab0e,2024-08-19,52900
bri-f311b203f9db9a8296c02bc8a74e3307,2024-12-10,20000
bri-37bc1e41517c9917236e22bf91e70808,2024-10-21,82400
bri-1b74d8af05f854c0eff32be4c7643bec,2024-10-14,59400
bri-77793ad47ab44a3071cd08834bc9ca21,2024-11-12,84800
bri-0eee62d4af33bc6435cc7136b218bb24,2024-10-26,-51000
bri-6918bab43ebe1f84644322d380408dd7,2024-10-02,-97200
bri-518eeef5ec2cbac05c7706adcf904b76,2024-09-02,75400
bri-93f35a5cd958dc3523dc21cfea99d23c,2024-12-09,52300
bri-7a98d9a287017164d8c37311e9959ce0,2024-10-18,46000
bri-4e9b44a2379d5277c07abd37c701c342,2024-10-05,9100
bri-169a97da308fc8b543709722ee4825e1,2024-11-14,87400
bri-30f554a77a3245331bc6b1f2ab6b381f,2024-08-26,45400
bri-b7c17e8c3bd6ab617e332a9ebad0935e,2024-10-31,14600
bri-ab985411896a3fa0baae7fc027806933,2024-09-10,48500
bri-54144b8cb03300e937ca6880d7de6a90,2024-08-23,-99400
bri-da9fc7041534732bfbb1b065442f14e1,2024-09-13,71600
bri-826f46f2433c07e582fb7ef7d08b2d0d,2024-11-21,91900
bri-66f3750aad9a7c644e4996377571fc19,2024-10-26,99200
bri-ea8cc08cbd8146a6d3a76fd0ea64ab6a,2024-09-12,47300
bri-36509c111f5af926b82c0b4c2def6f9f,2024-09-21,24500
bri-fdc83039364062b16c3fb43b339862e2,2024-08-18,95800
bri-72d40905ac4939b48a95e0f834bf5b16,2024-11-16,46300
bri-824468067223102eb47a69c751342291,2024-08-18,3100
bri-67ad8fe086099c08b4a9e334fc5d7070,2024-10-17,90800
bri-ec6cc23b6ae0bec8864b35bec5ac42f8,2024-10-17,20200
bri-4aa476c133aca76b089db0752c301771,2024-12-02,-81700
bri-bd5bd0f2ca878ccf4d3c0af073789bdb,2024-12-11,-50400
bri-6ef98dfa35d3093202887685e5210cc3,2024-11-27,-81800
bri-6790ad19b830383dbc6fa5f3a64fba6c,2024-10-28,74200
bri-625025792e8a6278ea54589cf5585af6,2024-09-26,65400
bri-c3172270cf244df98e8a793b3731df46,2024-11-25,94200
bri-650a9a6873cd768029fe81fa2f6580f2,2024-10-25,-26500
bri-1bc475020a921432b8309ec01e9aad0b,2024-10-30,83500
bri-4812b77b24e7483ed702349b82b588eb,2024-10-20,95100
bri-c00bbfe948327a4102df99cfcdd2f63c,2024-11-26,-8800
bri-6ec9784af80bb6ad7c6d65069348cf68,2024-10-16,77500
bri-e1f82ed1d781c9095fb5812ee8a85fd2,2024-11-16,-68400
bri-9e595e496d2903657fe117a1ff62e096,2024-09-20,93900
bri-3a011bf5570f75e29f12697c01f540cb,2024-09-07,-98000
bri-79557f3b4fab99ef7bfd95cc9e80bbd4,2024-08-19,-72200
bri-090eec0c87ae19f5409ec033cdeec06d,2024-09-26,79600
bri-fce6195f01bba345b355f7645f064431,2024-11-04,21400
bri-751fd2817d63c7f82bfd8f68fce9809e,2024-09-14,24400
bri-0b953bfcc5c546e9800ae962534ccc5f,2024-11-27,75500
bri-6e1a1a6df401015c9a9cbf690fc3efae,2024-09-13,-54100
bri-74da2104de67fbe3e172ebfb0ddc9a42,2024-11-04,-88500
bri-5a7f0dddbbadd5c255a1e64680e2e1d3,2024-10-24,80400
bri-68c6343ae234795ab2842e09a52c72ae,2024-12-10,95400
bri-18ece13c64507904dbaca7e821ad8aa6,2024-11-08,-44100
bri-5f8b7b66b6028e530e20bf5b87d8c9af,2024-09-30,-43600
bri-b8541ead103075a7b6418d71e8acece9,2024-09-16,-77800
bri-f8113f4c274539ec0442dbefe11411d3,2024-11-27,48300
bri-42f05bd70438f7cef5e2601268d6f82f,2024-09-05,-85200
bri-c8c33b65575790a0c8255bafb8552336,2024-10-27,35500
bri-cf0277b9461064d143ad77b5a6695048,2024-11-24,27000
bri-4e922ddfbea31cfabd4679a9ff133db7,2024-09-27,70900
bri-904a3f8d9fd6e5190595f86df7052e78,2024-09-06,73100
bri-c1cac0345b4bb57b7364941181fc2374,2024-11-01,-64900
bri-732df22d3c64e4c2fcf5987373db6563,2024-10-09,14800
bri-557769b89b5a1ce5273e86342123b449,2024-12-06,27300
bri-6721cc67fee57cbc3496d6d1c9135231,2024-11-14,21300
bri-e96bfb179d3da00cd1db6aaf84004e7e,2024-12-12,-61300
bri-069474211cb773553630dc5a1ee90fa8,2024-11-12,-72900
bri-84684cc2b5f0a8ed19679a5051e5ebe5,2024-08-27,62100
bri-1e14f147aa4558c01bbce9a778ca2daf,2024-11-12,57800
bri-8db2399411686680059fb6422760f587,2024-09-20,-71600
bri-135530bd8fbffc2dc6f6935b75cdb5e7,2024-10-21,-60500
bri-b20716c20a8a5553e7c486c162ca91ed,2024-12-10,27800
bri-55eacbcbf35b12b36d702397d34d5a41,2024-09-28,70300
bri-b284c0fbf12b985c9792583374171e42,2024-09-15,72800
bri-d4197a0bea6792995399f7dc48370e39,2024-08-14,6500
bri-7f4f38560ae626dfe8fea8fefc09c927,2024-10-27,68300
bri-a7e7844b06f1377789e450ba0ae7d9cc,2024-11-22,-40400
bri-30e28c438699b13ef192addace261d6a,2024-10-23,20400
bri-f37ee0796da03c4248a5cad6ac3700fc,2024-09-28,35600
bri-43e6d81e0409c2572586e9bd4659aead,2024-09-10,-93000
bri-f71acf91ef142f636186238caac5afff,2024-10-02,60200
bri-6f4c93a427788c5becf63e07563521bf,2024-10-23,24600
bri-e2d5bc40582d80a11690d2bbb85e5d73,2024-09-29,48600
bri-7cb1be332a757dbdd8edd9eb31aba554,2024-08-27,91200
bri-895f0aeb5dc4f16f3344c9cd8a2b9d9e,2024-09-22,21000
bri-a0d610e2658f8b0d94832ed3070ca3e1,2024-10-26,-76100
bri-280b604a18b2a5c843e9e298631299f5,2024-08-29,54600
bri-920a0052f445f110aefc114b425de068,2024-09-22,81900
bri-5614a84487be7fb6c731e8757b879a0e,2024-08-18,-20500
bri-2aee958f3ee8ab99fea2a7224de84cde,2024-09-11,91400
bri-59852e4a6727e5e3047e36b47c7eaed1,2024-10-29,89400
bri-50bb10ae344a6534688f10e8726b37df,2024-09-12,8900
bri-e6a3fe5158aad19e951c43ef3c638364,2024-08-14,42700
bri-a4b9166f412d574c194c21a64d0aed3d,2024-12-07,22500
bri-897604a324c0db8b85c2d86339900c38,2024-11-13,65200
bri-be510f00cf99565839d9204608ef5309,2024-11-15,26300
bri-04540f6b4d88687e91b7ed00069440b7,2024-12-01,-88300
bri-ee9441a12f8d63cb40c8be1e383b80b5,2024-08-26,-42800
bri-da121fdc89952ced71f73f5cd005a9ae,2024-10-19,8400
bri-abb2b8dc107dca62a059a98fe4279b03,2024-12-06,30400
bri-ccf7c89a259a3a0c9ac2ec8438b6e177,2024-10-22,11000
bri-2877a2b938c541fb0c7b6cbf9bceccd3,2024-10-09,20000
bri-ceeab222e7f8cf997768eeef5de00729,2024-10-26,69300
bri-8d2cc0e0c5fa48b171e831f8777986cf,2024-09-08,93800
bri-5f580b8d8a78254fa6b371ff541d04be,2024-11-02,25900
bri-48801691beca4abd6456e044f1d069f5,2024-09-20,14300
bri-6eeb0d1f2cbf5e4da2d1c196f8073fe7,2024-08-17,7100
bri-7854d64f24d5bcfc3b1e02f2e4a7abca,2024-10-09,57600
bri-89a7f2176102da84616017680f19da4f,2024-11-25,21100
bri-ead988feb743ec285cb5d41e811272bd,2024-09-25,22700
bri-a2d54fabb7784a79855ae9a5ed9829c4,2024-11-30,81300
bri-337014b0994509939215dfdb0ba2ba8e,2024-10-17,66200
bri-2586044b34b4389a2516dac729dce23c,2024-09-23,76600
bri-bc0bf1e1f84db8ce2f28951d19e70c08,2024-10-04,24900
bri-5b38efd6ffd29bb099d2176a1dccda33,2024-11-30,32900
bri-0ef6db61f1ba79c029d124feed7cddbe,2024-12-08,-15100
bri-d1e782c95f2f9059adf4fb9959acf23f,2024-11-26,20100
bri-c2f27a0e78d4644ca41c946bd0f291b3,2024-10-26,-48700
bri-daa08bd4729bc9a862d08ecabb9cee9f,2024-11-17,50200
bri-1ec34519af8f14e5450810b3404f756d,2024-08-27,82800
bri-46c6859a0305a08ab437fe80abcc68a1,2024-12-05,-84700
bri-c11fca3fc0d7e957a9c67d890e3e8848,2024-09-06,87300
bri-2a7a3a8334de59e4cb96a73013ec46d4,2024-12-06,62700
bri-16872fda66af10ad128ee758c43bbd34,2024-11-05,28600
bri-f53953f9b64d1fde4a37249c8840e7b0,2024-09-30,64000
bri-2383e6c1b36f98699ffcefd20c1d9782,2024-10-03,98700
bri-d3aec6695c320ec8361e45d63dd72261,2024-11-22,-60700
bri-84e05da582307066b72ef18db5010d4d,2024-09-18,33600
bri-7f2c6302eece56d50071d7becd3f3038,2024-12-01,18800
bri-f04858439fd00f57847dde7a8f248dc1,2024-10-24,96200
bri-160325334d9d69ca80682f76b120bd22,2024-08-30,2200
bri-0da920c59dbf0e20ec4e1c7277c6c79a,2024-11-24,47100
bri-1725bba3393ddb15aaf8de0e033502f4,2024-09-10,51600
bri-cc169b05e875696ea93c250a077ca443,2024-11-16,61100
bri-5db0dac65b70c54bbccccf5cc4a2fad9,2024-11-22,49500
bri-90c763776f07364b5c553d6145f0c46b,2024-08-23,-99100
bri-00862345d42f40565a5ec9541b567f59,2024-08-25,-8200
bri-93b30446cf63c9123f65943fa7b0768b,2024-08-19,-51300
bri-2a1f9f054f409a89b5df9b3139183023,2024-08-17,-32100
bri-03f1701df265bdf23633ff5d42487299,2024-11-15,16100
bri-0a8f8d611801d7cbea88e9c554b6707e,2024-09-15,-64500
bri-6fdb31b3ebb9cca76517cca266890977,2024-11-27,85000
bri-cbcd8c9deb8bfed98ff052132496e7fb,2024-08-18,11300
bri-d6beed940d4dce347cde265d8eb5b892,2024-10-11,19900
bri-736488364afec3b39405304d19d87a48,2024-11-17,9800
bri-e73124d66d86e10e4d086e70b7bdb3e4,2024-10-16,98100
bri-af1a7a5229ca0930b38d0abad1f42d30,2024-11-05,57900
bri-a338c987dd29850b2b5fd3de8c19c398,2024-08-28,-82100
bri-cb2436166c043651bba46ebce693b1a5,2024-10-23,93200
bri-3be6d8a1d597bf44eba3ea58c625e3f6,2024-10-21,60000
bri-de010795e8f7cb45d02aa5ceed2f4455,2024-11-26,-78500
bri-5d01eb5f5a6f2b1e052da3a80b1da730,2024-10-18,55300
bri-681b9209c589f00bab8e514dde2ecd0d,2024-11-23,24700
bri-ce6929cf6fff0e8b9e1663ce26606b35,2024-08-15,-44100
bri-c2d424c47db2db1a40ab2145b2e36b77,2024-11-26,96200
bri-43f7b9af59dd79e90e9310a9d90e045b,2024-08-17,81800
bri-4d7675a10bdd191320d1764674bc545b,2024-09-20,64900
bri-93a271aae589a623a920775f55ea66fa,2024-10-16,97300
bri-d8c093bf4de1eb07bbc1f659d37bd1b4,2024-10-30,-10700
bri-95ea9a3b646915b24fffec283fd43fd9,2024-09-11,89000
bri-66197274eeb7f68a0cec9d51a679bd27,2024-09-12,-5400
bri-024247c3ccd297cd4045df47d787e171,2024-12-10,-56500
bri-56f5f4e43823d31fd5171d8467b0d983,2024-11-26,22000
bri-8aeda20b305f1f6cb1c04fc51ff79fbd,2024-09-05,2400
bri-dcc9ddf4cee65697925650db723f33dd,2024-11-09,-40200
bri-4d846f77ace270731981e43ee3b0386c,2024-08-15,66600
bri-89fcaddb0e8e8532e92597d59bf85088,2024-10-20,36500
bri-17daac329926506c215425ee94fbc868,2024-09-25,26500
bri-bb98a836e10c5f9297477a8eabcabc26,2024-12-10,35200
bri-5af0a90e1efd2a380995117f01126d53,2024-09-05,74700
bri-92de37b8a55733dfaee2a3edb0e30910,2024-10-01,-23600
bri-08da79926e80df98db3b39a49ccdf570,2024-09-25,50000
bri-003252c02efdbf582d1ea88f1ed6ba8f,2024-10-02,29200
bri-cb1ca02ac1e0cf75de6aba5081065183,2024-11-29,90600
bri-3866401daa5ac52109e48b7bb7e8a45c,2024-09-22,51800
bri-d6a8f1d5334829061faae6080cc222ff,2024-10-10,89700
bri-4c43cafd6bcc0f9455206a0169efbcff,2024-11-11,99300
bri-564356eb10f9c605f33d23522a8d9619,2024-11-05,-54400
bri-c94275be31831966bb5da2fb78d8d098,2024-08-27,-59600
bri-3177bd65d1c9aa8efeaa9d82289f56e3,2024-10-01,13400
bri-5f58366efe95901a864ba8c215316649,2024-10-02,17200
bri-2b9f5b93338d164fe476ce5c62a0e5ef,2024-11-10,22800
bri-ab85aa9779a94ba382b153036e9a199c,2024-10-02,12300
bri-468259384e85ae459c3ad13ebc53a544,2024-09-17,80900
bri-47b40c2196ec617bcc3251f92bfa3bb7,2024-09-28,23400
bri-1ed1ca109f928ea07a5c9fbbdb9311a4,2024-08-29,99600
bri-1792fe73a4ab8e5f49945daa45728fea,2024-09-05,93500
bri-b000c04eeaa94568f4f442efec3119ae,2024-11-15,61900
bri-2601c956be96dd595c2eefb786ae2e0e,2024-11-29,3500
bri-0f0ffe860b11c49e3076d8d24de4c66f,2024-11-15,53900
bri-6f7d530797c1bc91e5d14f252495ac48,2024-11-09,11200
bri-74ac8cceea91ab07f09380a4c32eeb0b,2024-11-01,68000
bri-913f6620b5f9c73b7a0931b6e374ffcf,2024-08-31,38300
bri-6434bcb3c42f0329fa2af578de59e8fa,2024-09-21,-15600
bri-3ab2fa996ac0380943e17fa033f6acbc,2024-11-02,15700
bri-881e08eb9499a20887ca314c6c50160a,2024-12-07,69700
bri-ed7bdd514cfa05dbdf5f3243cd592d4f,2024-10-11,94900
bri-079275692561e58f8f1d73d50c1f366e,2024-09-28,-53400
bri-919bc4d34b10527ed29cc1a5a666fc5e,2024-11-27,42000
bri-e560c4abd024d99775a020370acb24c5,2024-12-03,38400
bri-6c7f18d532209c2ccc5290c235385976,2024-09-29,-48400
bri-a2d2f628c4bc83391ad545959d29af85,2024-09-08,51300
bri-493f1abb2be94a2cf1b498c4d9725111,2024-09-07,95300
bri-d768eb53a82760838a8ee716e18da64b,2024-09-28,2400
bri-c1e393eaca09e603e66a346aba84df37,2024-11-28,19800
bri-a9a89377949cf0b2a5ff00933fcbda68,2024-09-17,90800
bri-03d57846d7cb586ca59c617b882c166a,2024-09-20,65600
bri-95820e29d02c3db5a8bf65cb5297bb51,2024-11-01,49200
bri-246a575731066c894d95faad389fb163,2024-11-21,-2200
bri-0c220de1eff72be4a94bdd08795218f2,2024-09-05,83000
bri-44809e3b09b181ea32d2b3797e82232a,2024-11-20,-24600
bri-2487169eac3ff0d95a621ed6d59d909f,2024-09-21,79000
bri-b18609f4a32c8edc2882de2bf3b33c9e,2024-09-25,55300
bri-176625381f78f6d475346402344eeeed,2024-09-10,-57600
bri-2df0de6881665df814cf7c84de91b5c6,2024-09-18,-12800
bri-578ccc327e3a82fe6da6fe84c2cb363a,2024-09-13,72400
bri-f7da132ff2810af1faac18edda2c7053,2024-11-17,70000
bri-dd32c7cfb0f87f3fa6511a98bba27439,2024-08-16,46700
bri-ab17466b6d14f92d1c94e8b0d9e1074a,2024-09-01,61000
bri-e07201b2cbe09e9314e8d59f6a0decf9,2024-09-14,-17900
bri-a09c4ac9da5edd947bf128a2820a52f1,2024-09-16,42100
bri-591e75a9a75932bb0f1a17947ec6fe34,2024-09-17,91900
bri-4173978cd5554a0e594eec9300fe4795,2024-08-21,42200
bri-b6561a49081c141a2289093247dd1ed3,2024-10-25,51500
bri-94f8a3adc31cb9142fb262053155fea6,2024-11-29,84700
bri-537de0b8e1b9d1e935f4c39aaa85daa9,2024-12-09,46600
bri-cdf819aef582449b4b21e6a3c4012528,2024-08-30,63500
bri-206c1ae35d9f49188e1bdfac2dd59519,2024-10-28,49000
bri-b0078f432505a4fc2b2129e78b34f83c,2024-09-17,52700
bri-30899019e688781d9858c18e17d70305,2024-12-10,4200
bri-72d9d28236b6d90f455c6dbbb0373e62,2024-10-19,8100
bri-be9eaeb0fc08b1a684da0e723a17e961,2024-10-08,70800
bri-604cb4143bc18db0eb7c02af46e17521,2024-10-25,-30400
bri-d8fa67930057d1964879985d6afef2b0,2024-08-18,55200
bri-07a88fd9597e9e5ceaeca0d69530ea68,2024-12-08,53800
bri-76558f0af67810bcc83592dcb5dad14e,2024-10-12,73300
bri-09ac476621a5f58d32123ebf31f2ede3,2024-10-28,32500
bri-6f8ebf15c0c3f6a0f8614c2e8bae521b,2024-09-04,40000
bri-dc59d579b7203671e2082fca6fea81cf,2024-09-04,10500
bri-0869a97caacee68cf5ad06129dff1b3b,2024-09-23,81900
bri-75048794ba4f99f5c4ef17b2445bb8b5,2024-12-06,72300
bri-010f435a7f10e63148d9f32ee0919e42,2024-08-31,37700
bri-5a0d2cdf4779572c757800197cbe89c4,2024-10-25,56500
bri-5a46c18b06175bf94776ecbf76ccf0d9,2024-11-23,27500
bri-350b4120b4205dd16660d5d4b8e8df37,2024-11-04,38400
bri-73628aa9d80dcc408b90de45db3308c1,2024-09-12,49700
bri-d2c1bb133f37fb0e9386b681a8d3d81c,2024-09-14,61300
bri-af7a0f7c8896978e8ca6b013c17d1a10,2024-09-02,97900
bri-f4d1491f3bfb08ef68bb7717e09740aa,2024-09-13,-21000
bri-2e84660f307e45690ccab7e7fa390a9e,2024-10-28,94600
bri-9d7191dcc7b9ba678d4d17e74b605999,2024-10-01,3000
bri-fceb46bf32b3472fb7431a2e6170164e,2024-10-23,53800
bri-a9366874fd33ee7db895c573210188a0,2024-09-09,48200
bri-95d5c2eccd317fbe957ba74466b70f66,2024-10-27,-39900
bri-ec2828c9a565925a14a3ef01804e3a14,2024-11-15,84200
bri-f6a389c7e7c679abb195d4b9c3ea3c88,2024-09-04,1000
bri-3d96cb39ff5e86ca5b935a42fb51e67c,2024-09-23,-2100
bri-60d287712fce0cab0ba2ad9de6b2707d,2024-09-06,48500
bri-8903aaa26015fbe787670b1892a39fff,2024-09-11,13900
bri-115a320adcfc4db295065c5aba1fcd54,2024-09-18,4700
bri-a94d115b58874782538fc736b9695b3a,2024-08-30,65500
bri-00f2643b235a9cddbe0e06daaf1099a5,2024-09-16,84900
bri-611faa11aea4668a2acae4297a285b47,2024-08-29,-81400
bri-736b33674e05568ed002eff854155c96,2024-12-05,76000
bri-f6efe90ddfa0906aa450e012655c2f3e,2024-09-07,68700
bri-3192aefb080da73e25417ce146e20653,2024-08-28,9500
bri-72a28337056fd6d7246045cf40e2d071,2024-09-05,34400
bri-cdf166b77ca026fa8086e881154b1df2,2024-09-12,97300
bri-49d73b3c0708bd8e23da2efecfbe9a15,2024-09-08,93900
bri-34b3f3250312151981d4e657d8c276a2,2024-08-22,39300
bri-93b2fa88037245d9590a7c44ec942433,2024-09-22,57700
bri-1d97e8d9567c35ba07d2599c9cbfce7a,2024-09-13,85300
bri-23c039c8a640879b0acaecb3929ef3c3,2024-09-26,15700
bri-0167d50d8c9df3e162cd4164cea1a26c,2024-11-05,84300
bri-427b568e07586375ef5ab341cfa80640,2024-11-21,-59300
bri-c9491fe5fa3fecc7c5ef896b6c7b3e37,2024-11-02,25900
bri-5d80c246f9c84b522b67f547dd6a0fa4,2024-10-19,24100
bri-89efa2b8196b18bd0972dfff4b440cd6,2024-10-27,71400
bri-f03f57dbe6c4535e5d226b47fed0f5e7,2024-11-03,-19000
bri-09a8c7e899ba94ecd75aeb215e900c6e,2024-10-18,13400
bri-b6b75124a4cec97229d95388183f0c8b,2024-10-23,46700
bri-629879c49c26f1ae9c39349d5d9889b4,2024-11-21,35900
bri-73995a3741363d7c246c869529688a99,2024-11-11,76100
bri-f04eae7b7d96374a958121fc89335d13,2024-11-06,67100
bri-1012778ae2edefb5e92123ae46e270b2,2024-11-04,87800
bri-f0ac89d23e852b2c01eeae81058dd482,2024-09-13,62800
bri-b0861e89d91093ef5873f1ebdbb42757,2024-12-04,-71600
bri-3c8ee25840dcfc6437e08de5823fb5c1,2024-10-18,30200
bri-f0babe058251584119ac57a03015b71a,2024-10-13,-95700
bri-0d22d7ce46f09006ed108dd8b1bcbcb2,2024-10-02,-4300
bri-99bb1937f61fb8ffc2604ee065f58a85,2024-11-03,78900
bri-e260c78d47963bf571004561fa04c3ca,2024-12-05,49200
bri-86f84ecf2f5b3ace7012351e52ef3f70,2024-09-23,92400
bri-2947e4b6aaab35ea09d4a6b32ec83d29,2024-10-31,-31700
bri-fe6abf4da0cf4411d40a7edf0d5c2de3,2024-10-24,92800
bri-441109a27e1dd677929be8e850c4d629,2024-08-18,86100
bri-3c0bd64888224d1e5925349e932a1855,2024-08-28,78600
bri-f1979c56eb2b0f5e2389ac1b2d72e90e,2024-12-06,45000
bri-4bb5c3081b25e84cbc3cd46c956241e7,2024-12-01,78000
bri-0c5b8c87ef78f76a5f814e13d905e6c5,2024-09-05,1200
bri-34f86c5a0c90bf25aaed50a4e059ee23,2024-11-12,52000
bri-0b0a60d7901dd1f1724abb75137055a9,2024-11-14,69900
bri-67492a09fefb35caec5379d10b551268,2024-09-24,99200
bri-4c4e13ea0118e642f33deb129470e5fe,2024-08-20,65800
bri-a9bbe360b680d6af37dce0bf045c7f19,2024-10-22,82000
bri-337361beb9d293ffd7e9681a4be72a52,2024-11-19,-42200
bri-463478e20aa6770bcd0238c7163b8c52,2024-10-02,54300
bri-0be12690e9382545fdae9377a8a153e5,2024-11-07,82000
bri-90e3a83f30cfda62dc21a8c63b3f78af,2024-10-28,-55900
bri-395579cf9d5b6b4c2282aa74b6877fc2,2024-08-25,74500
bri-061115053f611a1ca478a61a3984fc11,2024-11-07,-24300
bri-3028f40c40c02ff337379d7a34116880,2024-08-20,92200
bri-0fe977949a4746efb0090640c8d20290,2024-09-29,79600
bri-ef8fdacd2da79841f539d691acf2f13a,2024-11-07,14900
bri-b350f3518c5abd2586bbeec885bc8e42,2024-08-30,7500
bri-0606986bdd0b8dbc3cba52bc1a5caffd,2024-09-15,69200
bri-a1262e5f9893ba658808b3619ebc4a32,2024-11-09,88500
bri-2ac2ecf7e000f65f36b0f22c90e4738c,2024-08-29,46100
bri-f647d66978caf3a88cc644e1b0a6c4c7,2024-11-20,63600
bri-9cd7d71c9e6b29b4b826d6112e531607,2024-10-03,26700
bri-fb9d80a20532935506d611ffc4c86a6b,2024-09-11,37300
bri-16b05fa3fead3f5f3f517e80429f5e88,2024-09-09,51200
bri-a2f8415d501e8baf986248b19661fcbb,2024-08-19,18900
bri-1a2a99a4b1853243a03c9bda13ef9974,2024-12-01,29700
bri-14dfe68031572b6c76f61fa4531a6734,2024-09-30,-51600
bri-cfb6110182852f9a1986e4194ae7a6e3,2024-08-22,14900
bri-6481906d585c10a6e29dbf8d9b800091,2024-12-04,48100
bri-f010dd8a1d25e8b7279bd7ad5fedad31,2024-08-23,-75700
bri-590b3ef785723c8826eb4c851fa4b780,2024-11-12,97800
bri-246c38d2dacc869f7410f710f6cb402b,2024-09-24,49500
bri-332d1877ef498eda532a4410fa03dacf,2024-08-20,77200
bri-e947df9215c89a9703f88411c8c75626,2024-10-07,63400
bri-cb865bd9c8781fb93feb13c8f00cb6c3,2024-11-27,7800
bri-28a14e88f826063cdda1d5f83c5f1497,2024-08-15,81600
bri-6041f223831e279c256e98b3189222e1,2024-09-12,92900
bri-9b16b5fcd2f5e644c05796b779ab0a96,2024-11-01,48300
bri-76e8f57bddaf8ae433fe541791c12353,2024-09-21,82600
bri-f55fe25f892bb0980a04ad58adb10213,2024-10-06,-59600
bri-150361cf76ede99a8c9010d12286188c,2024-10-30,6200
bri-973c8fd5ebd4f1afd494fd5934f0609d,2024-09-25,-92500
bri-7aeb651c61a13bd5fb68244623afe49a,2024-10-27,66600
bri-971e237bc75660891aa1f738e8f76365,2024-11-29,-35600
bri-f4b952e9f0065d86bdae1355d54d6bc1,2024-09-29,68700
bri-d0c0e6520b6c19ecfcc8fc7ea11a8665,2024-11-10,61600
bri-a4c7dd645c3d50a2a9ee0d091b57448a,2024-11-11,-22900
bri-492096a3c3f9d603258665459c35f89e,2024-11-14,15600
bri-36093d9913cce93fcd522a577ea4951f,2024-12-01,95500
bri-0e11f5e21215773689c3794fb11289ad,2024-09-22,18800
bri-2febad30c8a2b47a0b3a1c7d4e0b2c88,2024-10-01,-34600
bri-d1a70e4ef9ac4405a2fe10e11bf1d03a,2024-11-13,52200
bri-f90ccb9394931ae982dd0ce3732b91e2,2024-08-20,38000
bri-3e8002bef38854d7b558e07a59f450ab,2024-11-05,47900
bri-df673f8d0d06e7fb53f56017ebe5e781,2024-10-18,31400
bri-5908acfd3095d5cb220d6ed09c2afccf,2024-11-10,56300
bri-f0d6ed56b02cc8333da26ab3a770bcee,2024-08-30,96600
bri-3ed3c77143d07736b6744d99a17335fe,2024-08-25,35000
bri-83273c317fb6d52c45b7ae04c0e1c6fc,2024-11-17,39900
bri-8a94ce12ec499cc157f226a1c28bc473,2024-11-03,14800
bri-b2342e8c2804bb4b8748ef789a4b4346,2024-08-30,23800
bri-72dabb446ead45711f9729fd35a67070,2024-09-23,52000
bri-ebd1862b102312d6fd9db82cae92221c,2024-09-28,45800
bri-bcd2185ba55f12d5347798cc242f3233,2024-12-10,11900
bri-61866aaec33c12bb5383e95733b63442,2024-10-13,68500
bri-93a6b6e0a7ae64cc3ddd730c36febcac,2024-09-15,45500
bri-280577ab4cca59ff3719bcea4015645f,2024-10-01,96800
bri-e31a3b642ba5c3aba27fac0b485b4022,2024-09-21,13000
bri-f02c466b27b7f51fb1afbf976dc04b06,2024-09-28,-34100
bri-096a3310087ad9c3ff0981debb68f56c,2024-12-05,-11900
bri-8cfba92f0bd66d7dc62369ab963bdd6b,2024-10-03,24100
bri-21173caf4f12ccb837c73faefb57e617,2024-08-20,36900
bri-546f4b47e60b24632b0cf5e70a76bc74,2024-08-23,-66300
bri-3f1dadc21d73d2a45d7a793596df7877,2024-10-12,98900
bri-bb01d0b19af05c8f91b0867fff924605,2024-10-05,-40300
bri-b6d35d17c69f77bde7800cf87a00ff37,2024-08-20,83300
bri-2b347eabb0297c530c3b15598d547854,2024-11-17,68100
bri-909ce3ec1c95a1cde79a644e0fb8a8f5,2024-09-14,64500
bri-09509941378ee93f49589c729e0f8ef3,2024-10-12,10300
bri-aca846fb0295613ec6d6e48647ff12c2,2024-10-26,-29200
bri-7d393c5ff77169f80ca9f6c8af6e1783,2024-08-19,79800
bri-db301904949188595b1f01633b39a45a,2024-09-28,62600
bri-072a870e4d4737b42975375cdbdc5ce0,2024-09-16,44400
bri-f5450becc565aa4740f1b7531a7e98c7,2024-10-28,44600
bri-d1da5ba36decd0a7d7767f940618ff36,2024-08-21,95900
bri-20beb2c8194f2a7cbefdfe8f58e247cc,2024-11-03,79200
bri-44a056aa0f6be1c83cc0c084c8216639,2024-11-24,8000
bri-64042e2e37d51a2e2ec66476c095e468,2024-10-12,-89200
bri-16c017cedc9325894e1a78ebfe999c80,2024-10-10,-23700
bri-462a4ffc1608c31fe920122531d6c195,2024-11-16,42100
bri-bb03f2ec758a52935a4473862a558f38,2024-11-03,40100
bri-9e75664900287315ddeac52e9feeb04a,2024-12-09,62600
bri-646feda38392aff49553409a6b1d0dd6,2024-10-09,-39700
bri-ddce0237bc97a8f1f0a5383467feddb2,2024-12-03,47400
bri-c9381d7b6782c20b00fef6c702ef9a60,2024-11-20,12500
bri-5de8d3a6d9cd107a0cccbbf92e6c4bc6,2024-11-20,-71700
bri-664b796e7abe9231bdc39de6a51202bb,2024-11-06,42900
bri-242c255e8dc6f30b50d1568d20df115a,2024-11-13,-74500
bri-ccd0b83cc8ea0ec45179b3b20dd62fb3,2024-09-20,65300
bri-1c1852d27579674b4219faba1fb9a179,2024-11-03,34700
bri-4922525e4bc42ee3151a5181f2dd9677,2024-11-08,95900
bri-ca629258c6e68d860d54e4e07fcb4902,2024-10-23,6400
bri-f5426566b9af7aa37d237e0c655cac3a,2024-09-27,35300
bri-1abf6ba290702f13c7aa8fc37faf538b,2024-09-03,43900
bri-fdfe2162fd483017ad61a356a252c650,2024-10-12,52100
bri-fd5f0f0d1186082f321840c910e73314,2024-11-14,90500
bri-3ba30e240ac47924a1660382c227bc49,2024-08-24,55600
bri-c655b1f24363be9c06b69993921aeea2,2024-09-03,33000
bri-5e767c45c5797e5ff6ac8616b79427c9,2024-10-18,-35900
bri-5b61ccd20e259aa2642878375aae5e42,2024-08-25,11800
bri-c41adcf3c1c2debe52abfb4a9376c2d5,2024-11-09,65100
bri-308844deaa28b0ed190510ff839419fe,2024-11-27,82700
bri-7444df64444faf0095eb6955073d2e16,2024-08-23,53500
bri-b2c6641626c826ca0f88c9803d9feb01,2024-09-27,93400
bri-41f65da2211105b4aaea246a48a65609,2024-09-17,92600
bri-87a7a11321c69b03c8ac1dd3feb74eac,2024-09-07,-21200
bri-5946187c4eb5ca2ba4474f1de4edebad,2024-11-09,21300
bri-4489b71b3dbfac39b43b29348d481516,2024-09-23,91800
bri-b5cd7b0d9dd3725057f16b1181e48de0,2024-09-04,97000
bri-5643f284ede056b92a90af4581c1e456,2024-09-10,48500
bri-f07bf26f0adbebe7156f0b13d5b1a6bd,2024-11-10,60800
bri-5ad483f355f318abc36e6e167d3c881f,2024-10-20,-66100
bri-e16edb8ef57e8107cae6a1932d0a0241,2024-08-22,-10200
bri-8fd3aed44a862213279cf2b89a7f6a4c,2024-11-10,-6800
bri-7ac23d76926ab978279678b33d255e71,2024-12-06,-47200
bri-682a6ec5c7d0a30fa1c524b6d359806a,2024-10-14,88500
bri-167a80a2ef36ebbbdc699a2758108382,2024-10-01,18800
bri-1f98e4c8989b3e5c9b45b2321a67a901,2024-09-20,28200
bri-0f21559428e5ea0fd09cfba35fd8f208,2024-12-02,61400
bri-556fbdb1df78ee6806349b0e9e1acd2f,2024-09-30,77600
bri-5ac7215b412965e54c656743e92cf348,2024-11-03,55900
bri-41c968e318247d977a75353c4c6fd3f7,2024-11-03,8900
bri-51f5368196bda292e42302fe9b5edaa4,2024-10-04,47700
bri-ac22b529ddcb89ca6f5f2fd2a39e0cf6,2024-10-23,74600
bri-2e6bdf7ed6aafcec2e030930169e5e70,2024-11-15,74900
bri-2354c3836ed0661ecedf6459894cacfb,2024-10-24,49400
bri-dabb4ec747ebeeb257147626362d0da3,2024-11-19,19400
bri-dc9620894e1c165d7aa951f572cd49cb,2024-11-25,67600
bri-b796446bc1cf180135a51744450ff531,2024-08-22,64400
bri-cea04d148fbf9dac629df37d512364b3,2024-09-28,36900
bri-d6a41956222d3ff0372c1c280b15deb1,2024-09-05,96200
bri-b290ab9b557be82a817a96ba08839a0c,2024-12-07,84100
bri-15d54f4aeeb5b6a5118547e9f592fbbf,2024-10-30,65800
bri-60269dc675d56d102b86b041e4dc5075,2024-08-31,96100
bri-d4ea9c6b566e4f2b51805cd3e7e68ba6,2024-10-08,72700
bri-753bacb6d9de08b6073c65d930091618,2024-11-19,93400
bri-529c28d5090172801e8a14388d4311f4,2024-10-11,4400
bri-38f040c6f66c02b4fda1acb1a02ebd92,2024-10-23,86700
bri-9490db4eb75434ce849ab89d41eca247,2024-09-29,18900
bri-248f105dc629c7f2482ccbed993912ac,2024-09-25,50900
bri-86ea0e88c88a6796da5214094e422610,2024-12-10,48800
bri-7784d9eaa4dd817b4e3d6e5c619b7266,2024-10-12,-85500
bri-384a98a9f27d94183e5a16539e80c8eb,2024-10-27,-15800
bri-6d4ab9048296b1891cc51782333da22a,2024-09-27,69200
bri-d13669871ddeaad5142da08bfeb0a5ad,2024-12-11,-10600
bri-10424c3d50a5bcaa6c76450ac70e5aad,2024-11-10,17700
bri-56dc106ef6c9d9f5d740e4793982ef6e,2024-09-13,-25400
bri-1245d67b44bc0c2f8530dc01c67d49d7,2024-11-06,49600
bri-4f7b3e2a3bfba29e7b77e69e3352c6e4,2024-11-30,24200
bri-52361404e4bb29bf27b98a1fce144f72,2024-10-16,-45000
bri-ee2cb98c05c3555584de80ae7681e53b,2024-10-04,58900
bri-693c137a2f25afb438a2b4a5d000d937,2024-09-22,-48800
bri-753d53d20728b9c678a0085e92bfe28d,2024-09-08,64800
bri-ad8101a32390b5bc1e84d8e19425acd6,2024-10-28,-30300
bri-6384649265be0bf2fb43542ea0b4af13,2024-09-23,36600
bri-b5c3fe5923a815114e6abaa60e658b05,2024-12-02,82300
bri-08cf350b5a7f741bdfb7ad60fd23e5bb,2024-11-17,-20100
bri-546f1b25035ee0ef0fd4b4a919579373,2024-11-02,60000
bri-37873c919fba99387b7e4993bbf8b01a,2024-10-19,55900
bri-a91e6fb1a4073ee7ec92bbd17bf1b23c,2024-08-30,28100
bri-753fca85599ce903efd2230b83aa8816,2024-09-05,64000
bri-e717cda1bfc24b7fbe85f118468b9964,2024-12-07,10000
bri-db3d4ab4563341e7449b2eb8fc6dea56,2024-11-30,-61200
bri-43e16b71f8befd4f12821b39c2af9414,2024-10-21,79800
bri-e302e1de685f097f65f400c567b90ebf,2024-11-12,73100
bri-1ce9218708a252ffa1e2f7206401fa6f,2024-10-15,57600
bri-6925ee27c74c7f68cb4d41e3253cc8e2,2024-10-01,-36900
bri-2a4de292ccb4fdf8b3739b928c87c77f,2024-11-17,-95400
bri-72c6ba65ef9ca5827ade3d28512eabf6,2024-11-20,16000
bri-9acb09d32a4afb5628d3ec3f572f66f4,2024-10-13,-85500
bri-c7c13d12ae750c4a8e75d1b9eba01a09,2024-12-04,23000
bri-81b37fda595557d5db24444c6fb67718,2024-09-10,96400
bri-4e281e7f06aae5ee9f6c24fea5cc5343,2024-12-07,-76500
bri-31dbc8b3a44c1b844245302f207c1e50,2024-09-24,30400
bri-d52454fb9b91b1fe2cc5a8bd409440b2,2024-10-08,26400
bri-cc6f080722c02d9c27b4add34672f31c,2024-09-04,72400
bri-78cd2f5c8c067f71f1aac92db379820d,2024-11-03,60900
bri-737d6ab0a0584533a081a62c5c323192,2024-11-04,-19900
bri-11448cf6af66a0dd1448aa15003cf20c,2024-11-28,85900
bri-159eb6e805aeff5fb3f8eda68bc2aa39,2024-12-11,9800
bri-6e91c877d894448f23f10dc5eaa6f2a2,2024-10-25,14200
bri-f106b28bca90e1ea758687716915c6ee,2024-08-29,83200
bri-67283a4835d2c407d55cd1cd8a5ea4c3,2024-11-14,34400
bri-f6e4f10d1cd2aa2099aa928d3dc14452,2024-12-12,56000
bri-6f31657234dd57413b076a70c10f5dd4,2024-08-31,14700
bri-f1e64e49ba57a09274eccc13fa9c5ae4,2024-11-21,-30300
bri-fbaf7a67014fe76fb0353e3d44aca0ef,2024-09-08,49200
bri-7e469f8575cc9ad92d2a6ed2fc591aaf,2024-08-14,15700
bri-44c03b187070e921b3f77c48bd1f7c22,2024-09-06,88100
bri-b9a36fe01a55df06ac4a79ddf17344f7,2024-09-07,-35700
bri-f905cd3ee87cfbbc4ac908057c5f4965,2024-11-27,42200
bri-3b32d07425e1d9d4672bce26a1c57f03,2024-11-13,47800
bri-84b6d8d160a921938fcb5d5e44e2a4a2,2024-08-24,56700
bri-86cb21ce4d14edde5bffe920b849df4d,2024-09-11,-1200
bri-d0d4742673adbeab1f5aaa450a257835,2024-09-11,59600
bri-655b4b5a1632c22d49dd8acd90bd4341,2024-11-26,-47700
bri-1408eda0009aedce100dd8bee298b31b,2024-09-09,44100
bri-283a34ca8cc1547bf943cd6d6867b276,2024-08-19,-98000
bri-abbdb0c5bafcc22a1bf2fb1ff05ddaf0,2024-10-03,48300
bri-9601119044a1e599d664d10e74c2f37f,2024-09-21,58300
bri-1800615ddb0e3b47986070ccc836a8ad,2024-09-28,49700
bri-a63e9ebab23ec65f1904db67cce65430,2024-09-22,-65100
bri-20159fca3b89c7022dced0ef34d6609d,2024-09-16,16400
bri-a5cf37a9f47b7aefa74a269c4bf39960,2024-11-08,26300
bri-4a5bdee6b2808b86a5663437073177fe,2024-08-27,62900
bri-522f54cebc40757ccf3bfbd82726f631,2024-08-25,-66600
bri-4f868186998083a566b5bc8fdc9ca57d,2024-11-05,55100
bri-548547237c549987e1e46bee0ed238bc,2024-10-12,66400
bri-b0165e87ee2077ad76c8cee406495c42,2024-09-02,86500
bri-8d3c71771917608e4f26920062ce3835,2024-12-05,30700
bri-44484ca5e290ac5064c361383e1ed4f8,2024-09-20,17100
bri-eb87e8831c1cc2deb9ddd191e449533f,2024-11-17,33700
bri-5f24ff854dcc92b6dcb93c18c60f6dfd,2024-12-08,40300
bri-5c62ddcb8ee996bc177d2708f79cc0f5,2024-12-02,-56700
bri-c5171f89bd45c60015434371be107177,2024-11-10,93900
bri-92824a764ff0f836af10fc197933384b,2024-10-18,-82800
bri-4167326b3659ae3a7a227be0b09a6ae3,2024-10-07,82100
bri-a2d14d723b913663354ef3ff88131df4,2024-11-05,84200
bri-db243667cef1c858ebf2d4a9a15f145f,2024-10-16,-95400
bri-fb01dbf558789bbfce2fb4f18333680e,2024-11-27,37000
bri-96f33b615641c8c1d186d764b30c1eaa,2024-11-12,54600
bri-103ac7c2c69e3d7b62e759be4197b63d,2024-09-04,95300
bri-72769af8edb8a0e77df6f4fd1aa7b8eb,2024-11-08,17200
bri-a4880b85ebc042c419d93eb4d493207b,2024-09-23,-22700
bri-ab04c6e2c18249407359e04de3843ca2,2024-12-12,56600
bri-27b576b73374d6f943f69abe2a226647,2024-09-24,60300
bri-748c781d6b4908c247d65f61dc8a71fb,2024-11-10,75600
bri-b92296d035aa81c47a3361f12bd325c0,2024-12-05,70100
bri-66fb9eff9810f02ec4778dc429315535,2024-09-23,14000
bri-6f2ab0f1944489562b33be195f669810,2024-10-18,29600
bri-2d30dbd3cb37d56206e6bde179e70b56,2024-08-27,36100
bri-a60ffd51a3c6dbae9d68427094d6567b,2024-09-17,47200
bri-a756d123243a91c9e3c6b2d2bb7039d6,2024-10-14,-89800
bri-24a38f16dbb3c380985379a26557a253,2024-11-07,-75800
bri-1007d5c7ba1d22892994222e46d842f8,2024-10-24,83300
bri-0b0075a6bbe996d2f68332dc129c7d36,2024-11-29,-85900
bri-30e041fe24384f92aca02eb97afe997d,2024-11-14,-22000
bri-72a4b3e53d2d76d08077aa0a8735950a,2024-11-29,47600
bri-f1c2d009fa1569af8bec3b6f844a4392,2024-12-02,40400
bri-52364c9abcdebf11117d1707387ee8fe,2024-09-03,17400
bri-da25192879ff8fb59219854006f98b3f,2024-08-19,53900
bri-9f162ff5c680e878fd1a430d6d9e5a81,2024-09-11,39600
bri-1b7a2f1bc40588064bec8f1108675fcf,2024-12-01,69600
bri-47ec650c1fb593c03ee34062aa59b52a,2024-10-24,-80100
bri-bf894bc713e33eb7c7534a2b1438f05f,2024-08-31,16100
bri-c91c384c50cd0b87684333cf3cd1bf11,2024-08-16,67000
bri-2dd4faf4f7ffe0e0c8d16620d5da33df,2024-12-05,64800
bri-2cbd1daa260f339b2361e4d070cf8ca7,2024-11-02,-92800
bri-14bd96e4fab29e116c83a7561c92893f,2024-12-11,14300
bri-e9e72c367ab3f84009626bd2475ca2d0,2024-09-09,95600
bri-362d2035958d78225202c951708d0827,2024-12-08,-3700
bri-1c398d1dca166a075a6de4ca6da8022a,2024-10-20,51200
bri-04b3a2a9340bfba0c36376661f8217de,2024-10-13,2500
bri-2b6bb2a191a1384e203e856215ce1111,2024-08-15,51100
bri-140171a4bbf5c3ec057571ad571edc7d,2024-09-05,-78600
bri-86237d531112cb89579e4e304b066b5e,2024-11-20,-27400
bri-9e8540b16995d68ed8c0d152e095638a,2024-10-23,35900
bri-fde98fb62ec363bfe13cc3b75510548c,2024-10-30,-57200
bri-1fde60341ceeea04ddb0d6846a8c0df4,2024-11-28,-27100
bri-dbcc214cf2cc91b9f8f23d44df387096,2024-10-29,1500
bri-79bda5d7ee93bcbe151df271ee88693e,2024-11-28,-17500
bri-37e0cfaace3a43f5dae4ce9cd0b0a8f1,2024-09-30,-45500
bri-9ee045e1d53fe97f65388103fb5da850,2024-08-22,43800
bri-7a80116df290377d040f84aa1979fc39,2024-11-30,-41600
bri-78d1cecf99020737e065fcc36b4433cf,2024-10-03,-36600
bri-9db789b3404f4ebf2a8b4e475f189728,2024-09-13,57600
bri-b163bf4b0d8389eddd1eb777daeacd3c,2024-09-29,43000
bri-e2be591743593b5eae95e593936aef08,2024-11-07,37800
bri-b38db9493cd70cab41c46e884dd941c5,2024-09-18,-92600
bri-6c0d8409048be4e3b76f1876611caec2,2024-09-04,63200
bri-d94a4df8e5c67a91fbbfabdf484ac9cb,2024-11-17,85300
bri-617a0300b6f3a977bd29d5a247848c09,2024-10-04,70300
bri-975e221a29aa0332692ae51af94c1ea3,2024-09-18,9200
bri-b276ce650a306808686e91181867af9c,2024-10-26,49200
bri-30c740ec463b9a61265cc7db02544690,2024-09-22,-16100
bri-e0d1b480b9a4a4cbfc3c25b066272284,2024-11-26,46000
bri-bf5cc1b0aa032c4c146845e2f803e314,2024-12-07,-26300
bri-e7367f3c7fe484a6518245be2361f791,2024-09-24,-41500
bri-1540fc4cda095a1e320039d8ebc5803d,2024-10-27,-11400
bri-67e0a5bdcdd71aed960b205ccae75c01,2024-10-01,50400
bri-57d7ca19ed69fd0462248537c871f5a0,2024-11-23,34500
bri-dead4e896a192c895ecbd38132fa2c82,2024-09-02,30800
bri-de6edddf07a924008931e70e5b0097bc,2024-12-01,78000
bri-2f3149ca1c6a814a849739579c84dba4,2024-09-30,79300
bri-ed6b77210591ab09fdaf9c8bbab6e379,2024-08-16,-28800
bri-709889651b44ab07b88490f648bf84e7,2024-10-30,81900
bri-86e61da915309488f5179c8531a43130,2024-09-24,-74500
bri-e472603952852d32466b7291959378e4,2024-11-01,47400
bri-3f7a7d8c92e7844b0740955602eee1fb,2024-10-30,47900
bri-64987959e6639efb05a4467f0359fe1e,2024-09-20,31100
bri-606aea7da0221e187e41f3306e02eccd,2024-11-30,9700
bri-44d524b4435eefa459347c014332ee5b,2024-11-11,-14900
bri-05e7bf0fe0b49b2dbdc9ce09d5848736,2024-12-08,-28900
bri-0de139d5b874473f9395d17275ea263a,2024-10-05,80600
bri-45c62410b8c9e0c1223c7af1a285ef40,2024-12-10,58300
bri-088a9269021fcf87e8bc71e0411ccb16,2024-11-29,94900
bri-0ab0b96bff2a9194f12a011e0b37c0c5,2024-10-01,68100
bri-44bfa29ec9ccaa18e75b2b4dd9149122,2024-11-27,-91600
bri-41b2435032b565113cd6d2ca05ce1abb,2024-11-18,-48400
bri-7584e92d6673190ad3691d5aae891c69,2024-08-25,86000
bri-a239f705e2375d7fdbbccb687b127875,2024-09-17,1300
bri-2cd5661b64e4e8427e54f1593f9b7002,2024-11-03,-6600
bri-24f996db77210cf83db42dfc637aa486,2024-08-24,-46500
bri-d9f29b87b4ebd29621989469eb0f0091,2024-11-13,72500
bri-5ec70d8a47d1e112d964954291c154a4,2024-10-30,47400
bri-97ffa56f5b48f7ff6432f48c8d2efa6f,2024-10-24,43200
bri-801381121ee4d03eec8651d0f96fad10,2024-09-14,97400
bri-eff8798a78cd30f9c4a7c7921808081b,2024-09-01,90400
bri-bcc1515dda9e7964c37a996c4394fe9b,2024-11-15,96700
bri-d8a6c4ec2b7a2111725bf2f32caa191d,2024-12-08,31800
bri-f2e95ebcde7ec5ce30e293db9529e354,2024-11-13,-99400
bri-e00601668da997d6a3cc9a047d8702c0,2024-10-22,20100
bri-2e6c75b109acbcddad10296733164514,2024-12-04,4900
bri-619987effa6195f07441b3d0ad3731ea,2024-10-04,90500
bri-87b86976c48275d19f9e6b9c0451d392,2024-09-06,44200
bri-a1a53612c3676a1dfdb5fd3157e35289,2024-10-03,72400
bri-4e7324acdab7b516dea2602392b999a5,2024-09-18,-10400
bri-a8bfcdae5c989b3b3b98cbde8f131d2a,2024-12-11,60300
bri-c434b1a6e9cd06d4b75e2d1e65902780,2024-09-11,-49300
bri-87389fe3a7a17868cf77a75fa481f0b8,2024-11-01,57200
bri-bdddc96d3b05d8fa6a9f138d8038ec1a,2024-09-12,94600
bri-4cfcdf9952c294e1fe5eb9960abe9f5c,2024-10-26,-60400
bri-4cef5644e6a8546bca9aa43bee2be1ab,2024-10-21,13400
bri-1c4fda7f5d937ed099c5bbdc46d4cb32,2024-09-29,-86100
bri-70513e8b945fef0af5afdb1ed689d83d,2024-10-21,31700
bri-fef1f725b0458050b7dcc6f0fa234cc3,2024-10-06,-63500
bri-f2e7c004a040d4ed0612cb554ffcefab,2024-09-07,59100
bri-fdb56869c06c725b8a0adc9f6658b393,2024-09-20,93300
bri-f5f703e65d82e6cc30628f3aaf5f9c16,2024-08-28,90700
bri-d7e22eb6d2e07e07889277d94305bf7c,2024-11-06,-11600
bri-0100d5ca269c98b503a680582aedf2d2,2024-09-23,-46500
bri-99a9b296952f0718eed8181e5f6611da,2024-11-16,-23700
bri-6549e9336796252b410d912fd86b424e,2024-10-20,29100
bri-b3c09254fb60bfc4ca18ff10b8c0ad41,2024-12-11,25500
bri-953f08e71fdd1c551c6fbff616c5e1c9,2024-10-31,-31800
bri-2a118f2b61f479b5a815c3078e7e85a6,2024-12-03,82500
bri-7111e300a8bafa0997d9a01983338daf,2024-11-22,62700
bri-f09bcd58f25be640a65206a12a5a3570,2024-08-31,44400
bri-13dac012f588d6c6b7ba0e8f37124bdd,2024-10-05,78000
bri-68bb4ac30128341f9e8a905dbd57e2b9,2024-08-31,-2600
bri-92faa503ec00b0833726d6b9707194dc,2024-09-28,-8300
bri-339ca39e83daf585cd3ed650d11c9a57,2024-11-17,-68100
bri-38444931d4f7726ef02b5ebb3cae0c86,2024-09-02,81900
bri-3884e598c477b31f42d7d7c53d91d010,2024-08-22,18400
bri-fc2baf5036b6922ce8910200b118530f,2024-10-15,35400
bri-c28921547e3084ad512448779f40fd99,2024-08-25,70900
bri-65d872b66aae8f11ec81e4ea07fd94d5,2024-08-18,21400
bri-dfdb09f6ece4c3c94da15237538bb7f5,2024-12-11,56000
bri-72e9c5712fe6e1e6a96408d30f179329,2024-10-11,10600
bri-7f5bf4a2a2f2bcc261df24f21576ff35,2024-12-07,-56000
bri-edb684098391a3a85112c1047b874b9e,2024-09-12,-98300
bri-ca3dc38c57591ec2b39b06a18007a22f,2024-11-29,76300
bri-ec7e45b25a6838c1267b113f7366efcc,2024-08-25,22800
bri-dd855fe2594b8ce456897fac9c7163e8,2024-09-10,27800
bri-0140012d5c0003b8b3ed41765fe6cbb0,2024-11-11,26300
bri-b7028b5221523a4376ef5c38df929a0e,2024-08-15,3300
bri-8d11879ac9002956c1f416a23fc6ca57,2024-12-07,96000
bri-6abc6baa0c04f39bd96789343653f738,2024-11-26,58600
bri-f28b9822fbdfe3651700724ea057e7eb,2024-12-08,90400
bri-63944d44be84ffad3f2970cfb32378c1,2024-11-13,36300
bri-abcc0ffa06d885e30e77bfe39ca21413,2024-11-27,65600
bri-43fd49f46c449f7ae86df73972d596f1,2024-09-10,9800
bri-8f3fea54c7a3366b4ef7e883c1293c5e,2024-09-12,-78600
bri-10079d490739330c6bd3490661f2944f,2024-10-04,32300
bri-3406c2a12059197205e4fda0361d9150,2024-11-08,27600
bri-9187c7fd17fe544618d08efc94099153,2024-09-26,43000
bri-593d2a23d4461390382f44e570e6733c,2024-10-24,71600
bri-e5b7e8ee3793122873b0a0b5828eb120,2024-10-17,44900
bri-fbf2793374ed8abdf027da62a89e8ffa,2024-09-12,88100
bri-3408a187b129472f780e6a48ea0e4128,2024-10-04,-45200
bri-de8d324b4662d2c6ed48aaf4d5dd714a,2024-09-06,45300
bri-663d6524f2a1409241fa6d15dd6d96d1,2024-10-02,47500
bri-0b9957a1bdcf8dac56fc6576e4e2a188,2024-08-23,71800
bri-bd8b67674919d1c9e90a432e30705110,2024-11-25,88000
bri-f67e42aea862f7ee1b9490047f17bf7a,2024-10-31,38300
bri-d64572840fe493dabfa225a92302a583,2024-10-14,46000
bri-1a782d1ece7476e767cf17a8cdfe0867,2024-09-16,7000
bri-daec406f4fe8cc391a9651215395cd45,2024-10-21,92000
bri-e5c1fc91bfc064f443611efc6e97dbdd,2024-12-03,-44600
bri-0ae7e0447186c91e0dd74e076b814104,2024-09-13,52200
bri-7f6c20c649fad9d8bf0948259f62c89e,2024-12-03,47800
bri-570eb62117a8aec194eb06c94f061924,2024-11-05,41600
bri-1fb60b3c83ee5804b70525aca3afed0d,2024-12-12,49700
bri-67e4b35b21de6c3d7f125eb89e9cf7f4,2024-10-06,84900
bri-1e636d38a520ce40f593d548ee5ba7ac,2024-12-07,59300
bri-6043d5cdba0ae047540e05f482498613,2024-11-06,32700
bri-bd5e9b93d750e0dae200bfb10261e397,2024-11-15,44900
bri-130fe67e2b6560bd6429c69bb76a12ba,2024-08-23,16000
bri-58b918323f6251ccf80d2d5c8ae7edeb,2024-11-26,28700
bri-3c75e3c635f0e11b59a2942f02ec672e,2024-12-09,85100
bri-75948ea0a49fb7e07bdad4fad72270ca,2024-10-02,-98900
bri-cd7726152b9688c3d4265bfae3cce215,2024-09-03,98200
bri-b502eb140377cf4ff89fa2709000656b,2024-08-29,-47400
bri-4a69cc168711193dee6695c3664f3fd8,2024-10-30,16600
bri-4c8d3782947a2be9606e9f4356d959a5,2024-10-07,80100
bri-d900a69416e8004a362b4009f9e637c4,2024-11-27,45700
bri-831b66e77c103ce1d39f7fdf5f1a034c,2024-11-22,34200
bri-31b5d25050e6fe58eda3e003805bdcb1,2024-10-09,58800
bri-8b0103375a55535769c15ac43b61c697,2024-08-29,2500
bri-acf555e80d090f3ff9c7d58a8ffeaa9b,2024-11-27,89800
bri-67371b504bc0eb359c32fb3e57034306,2024-11-08,-1300
bri-36e3acc07b47099156dafcb14b73d104,2024-12-11,92300
bri-c9f9535d5f8e13d8b64bd6e7018753d8,2024-11-22,-50700
bri-f1c17bb80f7f464a218d460b2df72b72,2024-10-10,-61600
bri-2afd1b44f0020f7cb425bd8b450303fe,2024-10-05,-26400
bri-5323214c5f59f6c2e4f31f222dbf051d,2024-09-20,68400
bri-30a8e43f6c6e321d60ba2697102b4469,2024-11-03,18100
bri-f737b88f219a5941b971d7d6794a7653,2024-09-16,11300
bri-7423a641597a424ef66b74e0edb2758c,2024-11-05,97300
